1.55439,42.51875,"[83684-]","[83684-]"
1.52242,42.52914,"[1083684000-]","[1083684000-]"
1.52075,42.52914,"mehrere Tunnel","[1083699000-]"
1.52403,42.51892,"mehrere Tunnel","[1083699001-]"
1.52222,42.52881,"[83700-]","[83700-]"
1.55431,42.51847,"[1083700000-]","[1083700000-]"
1.53308,42.51072,"mehrere Tunnel","[1086675000-]"
5.56247,50.62922,"Pilotprojekt im Tunnel de Cointe, Messung jeweils am Ein- und Ausgang","[1026963000]"
5.59142,50.61475,"Pilotprojekt im Tunnel de Cointe, Messung jeweils am Ein- und Ausgang","[1026964000]"
4.77597,51.27094,"beidseitig","[1050654000-]"
4.80092,51.25775,"beidseitig","[1050655000-]"
3.75422,51.03417,"W","[1029540000]"
4.90003,51.20858,"W (?), digitaal snelheid, trajectcontrole, nummerplaat lezer","[1050266000-]"
4.99308,51.31264,"trajectcontrole richting west","[1050029000-]"
5.02731,51.29825,"trajectcontrole richting west","[1050029001-]"
4.93608,51.28597,"[1065456000-]","[1065456000-]"
4.91017,51.25139,"[1065457000-]","[1065457000-]"
3.85689,50.96419,"Rtg. Gent, geplant 2012","[1083668000-]"
3.94597,50.92947,"Rtg. Brüssel, geplant 2012","[1083670000-]"
3.77889,51.04089,"op de E17 ter hoogte van het viaduct Gentbrugge in de richting van Antwerpen","[1083673000]"
11.57614,48.27825,"SC - TEST","[83976]"
11.58133,48.27536,"SC - TEST","[1083976000]"
0.09933,51.53114,"[1043251000-]","[1043251000-]"
-1.17900,52.99703,"south-bound","[1001428000]"
-0.73808,51.10850,"SW","[81564-]"
-0.71617,51.12242,"SW","[1081564000-]"
0.14114,51.52847,"ROADWORKS","[1064581000-]"
0.13592,51.53128,"ROADWORKS","[1064581001-]"
-1.15292,52.97144,"S","[1026601000]"
-1.59969,53.72953,"ROADWORKS W","[1064587000-]"
-1.62028,53.73647,"ROADWORKS W","[1064587001-]"
-1.64333,53.74722,"ROADWORKS W","[1064587002-]"
-1.66114,53.74436,"ROADWORKS W","[1064587003-]"
-1.68886,53.74122,"ROADWORKS W","[1064587004-]"
-1.71136,53.74550,"ROADWORKS W","[1064587005-]"
-1.72817,53.73442,"ROADWORKS W","[1064587006-]"
-1.49739,53.72825,"ROADWORKS W","[1064587015-]"
-1.52247,53.73297,"ROADWORKS W","[1064587016-]"
-1.53942,53.73372,"ROADWORKS W","[1064587017-]"
-1.56083,53.73325,"ROADWORKS W","[1064587018-]"
-1.57467,53.73336,"ROADWORKS W","[1064587019-]"
-1.74369,53.71939,"ROADWORKS W","[1064587022-]"
-1.74381,53.70756,"ROADWORKS W","[1064587023-]"
-1.74308,53.70311,"ROADWORKS W","[1064587024-]"
-1.75436,53.69461,"ROADWORKS W","[1064587025-]"
-1.73481,53.72661,"ROADWORKS W","[1064587026-]"
-1.46894,53.72825,"ROADWORKS W","[1064587027-]"
-1.04706,53.15292,"SW","[1081569000-]"
-1.04872,53.13908,"SW","[1081569001-]"
-1.06058,53.12183,"SW","[1081569002-]"
-1.06433,53.10264,"SW","[1081569003-]"
-1.06942,53.09222,"SW","[1081569004-]"
-1.07239,53.08819,"SW","[1081569005-]"
-1.10214,53.06683,"SW","[1081569006-]"
-1.10694,53.06142,"SW","[1081569007-]"
-1.13067,53.03125,"SW","[1081569008-]"
-1.62692,53.74361,"ROADWORKS O","[1064584000-]"
-1.59078,53.73072,"ROADWORKS O","[1064584001-]"
-1.57375,53.73353,"ROADWORKS O","[1064584002-]"
-1.75825,53.69067,"ROADWORKS O","[1064584006-]"
-1.74553,53.69978,"ROADWORKS O","[1064584007-]"
-1.74383,53.70681,"ROADWORKS O","[1064584008-]"
-1.74350,53.72003,"ROADWORKS O","[1064584009-]"
-1.73536,53.72639,"ROADWORKS O","[1064584010-]"
-1.70311,53.74544,"ROADWORKS O","[1064584011-]"
-1.68792,53.74128,"ROADWORKS O","[1064584012-]"
-1.66339,53.74417,"ROADWORKS O","[1064584013-]"
-1.56539,53.73344,"ROADWORKS O","[1064584014-]"
-1.54083,53.73372,"ROADWORKS O","[1064584015-]"
-1.52742,53.73400,"ROADWORKS O","[1064584016-]"
-1.49822,53.72844,"ROADWORKS O","[1064584017-]"
-1.45772,53.72856,"ROADWORKS O","[1064584018-]"
0.11519,51.53278,"[1043249000-]","[1043249000-]"
-0.01111,52.47372,"[1054215000-]","[1054215000-]"
-0.06656,52.47444,"[1054215001-]","[1054215001-]"
-2.12531,53.42794,"S","[1013245000]"
-2.12711,53.42300,"S","[1013245001]"
0.02342,51.51742,"[1051921000-]","[1051921000-]"
0.03614,51.51808,"[1051921001-]","[1051921001-]"
0.05647,51.51983,"[1051921002-]","[1051921002-]"
0.06258,51.52167,"[1051921003-]","[1051921003-]"
0.07092,51.52472,"[1051921004-]","[1051921004-]"
0.07586,51.52633,"[1051921005-]","[1051921005-]"
0.08992,51.52967,"[1051921006-]","[1051921006-]"
0.09597,51.53075,"[1051921007-]","[1051921007-]"
0.09844,51.53114,"[1051921008-]","[1051921008-]"
-0.71578,51.12219,"S","[81524-]"
-0.73803,51.10839,"S","[1081524000-]"
-1.13994,52.94358,"N","[1026597000]"
-1.14747,52.97958,"N","[1026598000]"
-2.16308,52.03528,"ROADWORKS","[1081508000-]"
-2.22283,52.01856,"ROADWORKS","[1081508001-]"
-2.16761,52.03444,"ROADWORKS","[1081508002-]"
-2.18372,52.03247,"ROADWORKS","[1081508003-]"
-2.20222,52.02775,"ROADWORKS","[1081508004-]"
-1.97831,53.23178,"[1051919000-]","[1051919000-]"
0.49153,51.59242,"[1036817000]","[1036817000]"
-0.05428,51.49928,"[1051907000-]","[1051907000-]"
0.72367,51.53269,"[1064559000-]","[1064559000-]"
0.50781,51.59208,"[1024832000]","[1024832000]"
0.71467,51.53325,"[1064560000-]","[1064560000-]"
-0.09261,51.51075,"[1014941000]","[1014941000]"
-2.25578,51.83950,"[1014947000]","[1014947000]"
-2.25153,51.84664,"bs","[1014949000]"
-1.18958,52.97678,"NW","[1014956000]"
-1.19253,52.97883,"NW","[1014956001]"
-1.19472,52.98086,"NW","[1014956002]"
-1.19611,52.98303,"NW","[1014956003]"
-1.20025,52.98489,"NW","[1014956004]"
-1.19603,52.98303,"[1014957000]","[1014957000]"
-1.19406,52.98033,"[1014957001]","[1014957001]"
-1.19239,52.97881,"[1014957002]","[1014957002]"
-1.18972,52.97694,"[1014957006]","[1014957006]"
-1.18672,52.97403,"[1014957007]","[1014957007]"
-1.15997,52.99397,"[1014963000]","[1014963000]"
-1.16239,52.99322,"[1014963001]","[1014963001]"
-1.16842,52.99147,"[1014963002]","[1014963002]"
-1.17106,52.99050,"[1014963003]","[1014963003]"
-1.18008,52.98678,"[1014963004]","[1014963004]"
-1.15319,52.99567,"[1014965000]","[1014965000]"
-1.17311,52.98219,"bs","[1014985000]"
-1.17925,52.97781,"bs","[1014985001]"
-1.18303,52.97475,"bs","[1014985002]"
-1.18756,52.97072,"bs","[1014985003]"
-1.18986,52.96853,"bs","[1014985004]"
-0.85256,53.05489,"[1014987000]","[1014987000]"
-0.84203,52.26286,"[1014997000]","[1014997000]"
-0.84350,52.26575,"[1014997001]","[1014997001]"
-0.84661,52.27364,"[1014997002]","[1014997002]"
-0.91156,53.40719,"[1015009000]","[1015009000]"
-0.99083,53.41800,"[1015009001]","[1015009001]"
-1.00975,53.42628,"[1015009002]","[1015009002]"
-4.88339,55.21375,"[1015010000]","[1015010000]"
-4.83336,55.28617,"[1015012000]","[1015012000]"
-4.83478,55.30028,"[1015012001]","[1015012001]"
-4.74356,55.33844,"[1015016000]","[1015016000]"
-4.61606,55.42447,"[1015019000]","[1015019000]"
-0.76906,52.21133,"[1015022000]","[1015022000]"
-0.79483,52.21928,"[1015022001]","[1015022001]"
-1.05894,52.94025,"[1015023000]","[1015023000]"
-1.09828,52.93292,"W","[1015025000]"
-0.94056,52.94714,"[1015033000]","[1015033000]"
-0.92814,52.94700,"[1015033001]","[1015033001]"
-0.94147,52.94692,"[1015035000]","[1015035000]"
-0.97450,52.94789,"[1015035001]","[1015035001]"
-1.60297,53.48872,"[1015036000]","[1015036000]"
-1.55978,53.48303,"[1015036001]","[1015036001]"
-1.52842,53.48453,"[1015036002]","[1015036002]"
-1.50614,53.48800,"[1015036003]","[1015036003]"
-1.48753,53.48622,"[1015036004]","[1015036004]"
-1.47328,53.47917,"[1015036005]","[1015036005]"
-1.48756,53.48617,"[1015043000]","[1015043000]"
-1.50614,53.48797,"[1015043001]","[1015043001]"
-1.53147,53.48408,"[1015043002]","[1015043002]"
-1.55972,53.48300,"[1015043003]","[1015043003]"
-1.60297,53.48869,"[1015043004]","[1015043004]"
-1.62158,53.49192,"[1015043005]","[1015043005]"
-4.57544,55.53492,"[1015044000]","[1015044000]"
-6.32208,54.21861,"2.2 miles between the Sheepbridge and the Mourne Country roundabout, bs","[1015589000]"
-2.25389,51.84861,"[1007471000]","[1007471000]"
-0.16956,52.32253,"[1014586000]","[1014586000]"
-0.08472,52.30131,"[1014586001]","[1014586001]"
-0.01750,52.27544,"[1014586002]","[1014586002]"
0.02933,52.25481,"[1014586003]","[1014586003]"
0.05442,52.24239,"[1014586004]","[1014586004]"
0.02908,52.25475,"[1014653000]","[1014653000]"
-0.01758,52.27531,"[1014653001]","[1014653001]"
-0.08875,52.30208,"[1014653002]","[1014653002]"
-0.16975,52.32250,"[1014653003]","[1014653003]"
-0.20200,52.33742,"[1014653004]","[1014653004]"
-1.19058,52.94825,"S","[1018060000]"
-1.19117,52.95864,"N","[1018061000]"
-1.19106,52.96250,"N","[1018061001]"
-1.19094,52.96631,"N","[1018061002]"
-1.18775,52.97081,"NO","[1018065000]"
-1.18319,52.97483,"NO","[1018065001]"
-1.17944,52.97789,"NO","[1018065002]"
-1.17325,52.98219,"NO","[1018065003]"
-1.16200,52.98644,"NO","[1018065004]"
-1.15936,52.98631,"S","[1017223000]"
-1.15681,52.97861,"S","[1017223001]"
-1.15367,52.97014,"S","[1017223002]"
-4.90319,55.20203,"[1019852000]","[1019852000]"
-4.83331,55.28617,"[1019855000]","[1019855000]"
-4.84589,55.25472,"[1019855001]","[1019855001]"
-4.70569,55.34669,"[1019856000]","[1019856000]"
-4.60683,55.43664,"[1019858000]","[1019858000]"
-4.56761,55.49425,"[1019860000]","[1019860000]"
-4.58222,55.48256,"[1019861000]","[1019861000]"
-0.99081,53.41803,"[1019889000]","[1019889000]"
-0.91156,53.40722,"[1019889001]","[1019889001]"
-0.87544,53.40569,"[1019889002]","[1019889002]"
-0.83739,53.06317,"[1019891000]","[1019891000]"
-1.14972,52.98933,"[1019895000]","[1019895000]"
-0.76903,52.21136,"[1019897000]","[1019897000]"
-0.74222,52.20461,"[1019897001]","[1019897001]"
-0.84333,52.26578,"[1019900000]","[1019900000]"
-0.84183,52.26289,"[1019900001]","[1019900001]"
-0.83469,52.25242,"[1019900002]","[1019900002]"
-0.08967,51.51025,"[1019906000]","[1019906000]"
-0.07419,51.50811,"[1019907000]","[1019907000]"
-0.07675,51.50350,"[1019908000]","[1019908000]"
-1.04153,52.94200,"[1019910000]","[1019910000]"
-0.53489,51.40156,"Roadworks, M25 Jn 12 and M3 New Road Layout, W","[1019911000]"
-0.54006,51.39942,"Roadworks, M25 Jn 12 and M3 New Road Layout, W","[1019911001]"
-0.56506,51.39103,"Roadworks, M25 Jn 12 and M3 New Road Layout, W","[1019911002]"
-1.13925,52.94072,"S","[1026596000]"
-0.49772,52.92033,"[1044709000-]","[1044709000-]"
-0.53394,52.91833,"[1044709001-]","[1044709001-]"
-0.56328,52.90897,"[1044709002-]","[1044709002-]"
-1.18814,53.01317,"S","[1020188000]"
0.61294,51.57556,"[1024837000]","[1024837000]"
0.58744,51.57886,"[1024837001]","[1024837001]"
0.57397,51.58589,"[1024837002]","[1024837002]"
0.54808,51.58919,"[1024837003]","[1024837003]"
-5.81731,54.64533,"[1022579000]","[1022579000]"
-5.80417,54.65069,"[1022579001]","[1022579001]"
-5.79372,54.65372,"[1022579002]","[1022579002]"
-5.77972,54.65742,"[1022579003]","[1022579003]"
-5.77336,54.65811,"[1022579004]","[1022579004]"
-5.78058,54.65717,"[1022589000]","[1022589000]"
-5.79367,54.65372,"[1022589001]","[1022589001]"
-5.80342,54.65083,"[1022589002]","[1022589002]"
-5.81711,54.64525,"[1022589003]","[1022589003]"
-5.83964,54.64042,"[1022589004]","[1022589004]"
-5.72417,54.64672,"[1022604000]","[1022604000]"
-5.74819,54.65264,"[1022604001]","[1022604001]"
-5.72417,54.64683,"[1022618000]","[1022618000]"
-5.70547,54.64953,"[1022618001]","[1022618001]"
-1.24244,53.07969,"N","[1024809000]"
-1.24136,53.08408,"N","[1024809001]"
-1.24050,53.08578,"N","[1024809002]"
1.49156,52.77433,"[1044704000-]","[1044704000-]"
1.52931,52.76025,"[1044704001-]","[1044704001-]"
1.54633,52.73069,"[1044705000-]","[1044705000-]"
1.53825,52.74397,"[1044705001-]","[1044705001-]"
1.53258,52.75447,"[1044705002-]","[1044705002-]"
0.26317,51.46947,"S","[1026968000]"
0.25086,51.45775,"S","[1026968001]"
0.54011,51.55114,"[1027111000]","[1027111000]"
0.54194,51.56397,"[1027111001]","[1027111001]"
-2.01906,53.25850,"[1054211000-]","[1054211000-]"
-2.00017,53.24442,"[1054211001-]","[1054211001-]"
-1.98150,53.23650,"[1054211002-]","[1054211002-]"
-1.96728,53.23703,"[1054211003-]","[1054211003-]"
-1.94383,53.24536,"[1054211004-]","[1054211004-]"
0.64242,51.45128,"bs","[1037420000-]"
0.62922,51.44894,"bs","[1037420001-]"
0.61078,51.44883,"bs","[1037420002-]"
0.58486,51.44931,"bs","[1037420003-]"
0.61072,51.44886,"[1037418000]","[1037418000]"
0.62922,51.44897,"[1037418001]","[1037418001]"
0.64242,51.45131,"[1037418002]","[1037418002]"
0.65378,51.44936,"[1037418003]","[1037418003]"
-2.22197,53.53403,"[1043236000-]","[1043236000-]"
-2.20967,53.53283,"[1043236001-]","[1043236001-]"
-6.33256,54.19725,"2.2 miles between the Sheepbridge and the Mourne Country roundabout, bs","[1036688000]"
0.13925,52.23747,"[1051881000-]","[1051881000-]"
0.08322,52.23233,"[1051881001-]","[1051881001-]"
-1.96733,53.23700,"[1044707000-]","[1044707000-]"
-1.99867,53.24336,"[1044707001-]","[1044707001-]"
-2.01906,53.25844,"[1044707002-]","[1044707002-]"
-2.05372,53.25989,"[1044707003-]","[1044707003-]"
-2.22206,53.53400,"[1043239000-]","[1043239000-]"
-2.24211,53.53289,"[1043239001-]","[1043239001-]"
0.57411,51.58603,"[1036820000]","[1036820000]"
0.58761,51.57894,"[1036820001]","[1036820001]"
0.61300,51.57564,"[1036820002]","[1036820002]"
0.62903,51.57156,"[1036820003]","[1036820003]"
0.54014,51.55114,"[1036821000]","[1036821000]"
0.56206,51.53750,"[1036821001]","[1036821001]"
-4.58608,55.52742,"[1036854000]","[1036854000]"
-0.01114,52.47372,"[1044703000-]","[1044703000-]"
0.02047,52.47642,"[1044703001-]","[1044703001-]"
-1.79839,52.61553,"[1044688000-]","[1044688000-]"
-1.78864,52.59403,"[1044688001-]","[1044688001-]"
-0.83522,53.40256,"[1036889000-]","[1036889000-]"
0.23706,51.44364,"ROADWORKS N","[1051200000-]"
-0.53392,52.91836,"[1049964000-]","[1049964000-]"
-0.49775,52.92036,"[1049964001-]","[1049964001-]"
-0.44972,52.92111,"[1049964002-]","[1049964002-]"
-0.03953,51.51153,"[1051908000-]","[1051908000-]"
0.11675,52.23556,"[1051880000-]","[1051880000-]"
0.14044,52.23769,"[1051880001-]","[1051880001-]"
0.17247,52.23208,"[1051880002-]","[1051880002-]"
-1.79864,52.61550,"[1044689000-]","[1044689000-]"
-1.80253,52.63447,"[1044689001-]","[1044689001-]"
-1.14386,53.00144,"[1037595000]","[1037595000]"
-1.15222,52.99664,"[1037596000]","[1037596000]"
-1.19183,52.95303,"N","[1037597000]"
-1.19081,52.96242,"S","[1037602000]"
-1.19094,52.95864,"S","[1037602001]"
-1.19097,52.95661,"S","[1037602002]"
-1.24128,53.08408,"S","[1037616000]"
-1.24236,53.07969,"S","[1037616001]"
-1.24278,53.07725,"S","[1037616002]"
-0.00833,51.51408,"[1064562000-]","[1064562000-]"
-2.25319,51.84681,"bs","[1043160000]"
-2.24911,51.85519,"[1043158000]","[1043158000]"
-2.24442,51.84342,"bs","[1043155000]"
-1.16817,52.99156,"[1043162000]","[1043162000]"
-1.16242,52.99322,"[1043162001]","[1043162001]"
-1.17108,52.99050,"[1043162002]","[1043162002]"
-1.16000,52.99397,"[1043162003]","[1043162003]"
-1.15483,52.99583,"[1043162004]","[1043162004]"
-6.32894,54.20469,"2.2 miles between the Sheepbridge and the Mourne Country roundabout, bs","[1043164000]"
-2.54722,51.55297,"[1081580000-]","[1081580000-]"
-2.55256,51.55297,"[1081580001-]","[1081580001-]"
-2.55619,51.55025,"[1081580002-]","[1081580002-]"
-2.57756,51.54375,"[1081580003-]","[1081580003-]"
-2.60708,51.52911,"[1081580004-]","[1081580004-]"
-2.54958,51.54808,"[1081580005-]","[1081580005-]"
-2.53903,51.53678,"[1081580006-]","[1081580006-]"
-2.52636,51.52408,"[1081580007-]","[1081580007-]"
-2.51944,51.51528,"[1081580008-]","[1081580008-]"
-2.51906,51.51517,"[1081580009-]","[1081580009-]"
-2.52228,51.51875,"NW, ROADWORKS","[1081576000-]"
-2.52617,51.52358,"NW, ROADWORKS","[1081576001-]"
-2.54244,51.54008,"NW, ROADWORKS","[1081576002-]"
-2.54997,51.54794,"NW, ROADWORKS","[1081576003-]"
-2.55553,51.55025,"NW, ROADWORKS","[1081576004-]"
-2.57831,51.54347,"NW, ROADWORKS","[1081576005-]"
-2.60681,51.52914,"NW, ROADWORKS","[1081576006-]"
-2.54694,51.55303,"NW, ROADWORKS","[1081576007-]"
-1.94600,52.55067,"SO ROADWORKS","[1081572000-]"
-1.92192,52.54994,"SO ROADWORKS","[1081572001-]"
-1.89608,52.52881,"SO ROADWORKS","[1081572002-]"
-1.88394,52.52442,"SO ROADWORKS","[1081572003-]"
-1.86872,52.51572,"SO ROADWORKS","[1081572004-]"
-1.10700,53.06147,"N","[1081570000-]"
-1.10217,53.06689,"N","[1081570001-]"
-1.07261,53.08792,"N","[1081570002-]"
-1.06950,53.09231,"N","[1081570003-]"
-1.06439,53.10267,"N","[1081570004-]"
-1.06061,53.12189,"N","[1081570005-]"
-1.04878,53.13911,"N","[1081570006-]"
-1.04708,53.15289,"N","[1081570007-]"
-1.02961,53.19547,"N","[1081570008-]"
-1.88378,52.52411,"NW ROADWORKS","[1081571000-]"
-1.89758,52.52961,"NW ROADWORKS","[1081571001-]"
-1.92192,52.54972,"NW ROADWORKS","[1081571002-]"
-1.94653,52.55050,"NW ROADWORKS","[1081571003-]"
-1.94819,52.55033,"NW ROADWORKS","[1081571004-]"
-1.97586,52.55633,"NW ROADWORKS","[1081571005-]"
-3.48039,51.74522,"W","[1081566002-]"
-3.50122,51.73603,"W","[1081566003-]"
-3.40264,51.76369,"W","[1081566004-]"
-3.48042,51.74519,"NO","[1081568000-]"
-3.41444,51.75764,"NO","[1081568001-]"
-3.34133,51.76594,"NO","[1081568003-]"
-3.44539,51.75458,"NO","[1081568004-]"
-3.40272,51.76369,"NO","[1081568005-]"
0.09550,51.53028,"[1065140000-]","[1065140000-]"
0.08817,51.52917,"[1065140001-]","[1065140001-]"
0.07622,51.52603,"[1065140002-]","[1065140002-]"
0.07056,51.52411,"[1065140003-]","[1065140003-]"
0.06172,51.52094,"[1065140004-]","[1065140004-]"
0.05469,51.51939,"[1065140005-]","[1065140005-]"
0.03553,51.51756,"[1065140006-]","[1065140006-]"
0.02828,51.51689,"[1065140007-]","[1065140007-]"
0.01517,51.51669,"[1065140008-]","[1065140008-]"
0.14153,51.52856,"ROADWORKS","[1065151000-]"
0.15261,51.52411,"ROADWORKS","[1065151001-]"
-6.31808,54.22389,"2.2 miles between the Sheepbridge and the Mourne Country roundabout, bs","[1065196000]"
1.49167,52.77433,"[1065217000-]","[1065217000-]"
1.46158,52.75617,"[1065217001-]","[1065217001-]"
1.53831,52.74400,"[1065218000-]","[1065218000-]"
1.54636,52.73069,"[1065218001-]","[1065218001-]"
1.56736,52.72003,"[1065218002-]","[1065218002-]"
-0.82497,53.39728,"[1065219000-]","[1065219000-]"
-2.01392,53.21150,"[1065220000-]","[1065220000-]"
-4.21192,50.40969,"Saltash Tunnel","[1065316000-]"
-4.21692,50.41364,"Saltash Tunnel","[1065317000-]"
-2.59408,51.53339,"SW, Roadworks","[1081581001-]"
-2.57611,51.54450,"SW, Roadworks","[1081581002-]"
-2.55817,51.55053,"SW, Roadworks","[1081581003-]"
-2.55794,51.55075,"SW, Roadworks","[1081581004-]"
-2.54611,51.55292,"SW, Roadworks","[1081581006-]"
-2.54933,51.54814,"SW, Roadworks","[1081581007-]"
-2.53908,51.53681,"SW, Roadworks","[1081581008-]"
-2.52631,51.52400,"SW, Roadworks","[1081581009-]"
-2.51947,51.51531,"SW, Roadworks","[1081581010-]"
-2.51908,51.51517,"SW, Roadworks","[1081581011-]"
-2.55722,51.55042,"NO, Roadworks","[1081582000-]"
-2.57797,51.54361,"NO, Roadworks","[1081582001-]"
-2.60719,51.52908,"NO, Roadworks","[1081582002-]"
-2.54931,51.54831,"NO, Roadworks","[1081583000-]"
-2.52633,51.52406,"NO, Roadworks","[1081583001-]"
-2.51947,51.51528,"NO, Roadworks","[1081583002-]"
-2.51906,51.51514,"NO, Roadworks","[1081583003-]"
-2.23631,52.01303,"NO","[81603-]"
-2.22247,52.01881,"NO","[1081603000-]"
-2.20047,52.02864,"NO","[1081603001-]"
-2.17311,52.03364,"NO","[1081603002-]"
-0.20444,51.07000,"S,ROADWORKS","[81606-]"
-0.20089,51.05008,"S,ROADWORKS","[1081606000-]"
-0.19631,51.02614,"S,ROADWORKS","[1081606001-]"
-0.20261,51.05978,"S,ROADWORKS","[1081606002-]"
-0.19700,51.01375,"S,ROADWORKS","[1081606003-]"
-0.20042,51.04642,"ROADWORKS, N","[1081607000-]"
-0.20128,51.04975,"ROADWORKS, N","[1081607001-]"
-0.19744,51.01328,"ROADWORKS, N","[1081607002-]"
-0.20172,51.05142,"ROADWORKS, N","[1081607004-]"
-0.20275,51.05892,"ROADWORKS, N","[1081607005-]"
-1.19728,52.97058,"W","[1081610000-]"
-1.19178,52.96811,"SE","[1081611000-]"
0.04872,51.27286,"E ROADWORKS","[1084098000-]"
-0.05414,51.25831,"E ROADWORKS","[1084098001-]"
-0.02231,51.26725,"E ROADWORKS","[1084098002-]"
0.02944,51.27081,"E ROADWORKS","[1084098003-]"
0.07386,51.27567,"E ROADWORKS","[1084098004-]"
0.09758,51.28089,"E ROADWORKS","[1084098005-]"
0.12736,51.28753,"E ROADWORKS","[1084098006-]"
0.14689,51.29289,"E ROADWORKS","[1084098007-]"
0.00150,51.26856,"E ROADWORKS","[1084098008-]"
0.08392,51.27736,"SW ROADWORKS","[1084099000-]"
0.02164,51.26853,"SW ROADWORKS","[1084099001-]"
-0.03511,51.26047,"SW ROADWORKS","[1084099002-]"
0.13147,51.28811,"SW ROADWORKS","[1084099003-]"
0.10156,51.28225,"SW ROADWORKS","[1084099004-]"
0.04919,51.27269,"SW ROADWORKS","[1084099005-]"
-0.01431,51.26881,"SW ROADWORKS","[1084099006-]"
-0.05592,51.25831,"SW ROADWORKS","[1084099007-]"
-0.07481,51.25803,"SW ROADWORKS","[1084099008-]"
-1.50278,53.46272,"N,ROADWORKS","[1084103000-]"
-1.50664,53.47022,"N,ROADWORKS","[1084103001-]"
-1.49467,53.48556,"N,ROADWORKS","[1084103002-]"
-1.50283,53.46281,"S, ROADWORKS","[1084134000-]"
-1.49492,53.44697,"S, ROADWORKS","[1084134001-]"
-1.05828,53.04244,"SE","[1085180000-]"
-1.04981,53.03631,"SE","[1085180001-]"
-1.04067,53.03011,"SE","[1085180002-]"
-1.02756,53.02375,"SE","[1085180003-]"
-1.01153,53.01819,"SE","[1085180004-]"
-1.00836,53.01317,"SE","[1085180005-]"
-1.02725,53.02367,"NW","[1085181000-]"
-1.04072,53.03003,"NW","[1085181001-]"
-1.04953,53.03611,"NW","[1085181002-]"
-1.05822,53.04242,"NW","[1085181003-]"
-1.06692,53.05064,"NW","[1085181004-]"
-1.01158,53.01819,"NW","[1085181005-]"
-0.51722,52.19800,"[1085653000-]","[1085653000-]"
-0.51025,52.19192,"[1085654000-]","[1085654000-]"
-0.04503,51.68283,"W ROADWORKS","[1085710000-]"
-0.06286,51.68269,"W ROADWORKS","[1085710001-]"
-0.08244,51.68911,"W ROADWORKS","[1085710002-]"
-0.10819,51.69139,"W ROADWORKS","[1085710003-]"
-0.13344,51.68844,"W ROADWORKS","[1085710004-]"
-0.16228,51.68764,"W ROADWORKS","[1085710005-]"
-0.17328,51.68572,"W ROADWORKS","[1085710006-]"
-0.20308,51.68600,"W ROADWORKS","[1085710007-]"
-0.22031,51.68417,"W ROADWORKS","[1085710008-]"
-0.23203,51.68783,"W ROADWORKS","[1085710009-]"
-0.21681,51.68433,"SE ROADWORKS","[1085712000-]"
-0.19028,51.68486,"SE ROADWORKS","[1085712001-]"
-0.17458,51.68536,"SE ROADWORKS","[1085712002-]"
-0.16067,51.68756,"SE ROADWORKS","[1085712003-]"
-0.13036,51.68872,"SE ROADWORKS","[1085712004-]"
-0.10553,51.69161,"SE ROADWORKS","[1085712005-]"
-0.08000,51.68878,"SE ROADWORKS","[1085712006-]"
-0.04422,51.68297,"SE ROADWORKS","[1085712007-]"
-0.01664,51.68081,"SE ROADWORKS","[1085712008-]"
-0.06517,51.68328,"SE ROADWORKS","[1085712012-]"
-1.08736,50.83156,"[1085716000-]","[1085716000-]"
-1.09047,50.81733,"SW ROADWORKS","[1085717000-]"
-2.34844,51.72931,"NE ROADWORKS","[1085727000-]"
-2.27264,51.80300,"NE ROADWORKS","[1085727001-]"
-2.21317,51.82639,"NE ROADWORKS","[1085727002-]"
-2.20142,51.83597,"NE ROADWORKS","[1085727003-]"
-1.07072,53.06717,"S ROADWORKS (?)","[1085752000-]"
-1.07011,53.08667,"[1085753000-]","[1085753000-]"
-1.27164,52.85581,"ROADWORKS, SW","[1086179000-]"
-1.28717,52.84761,"ROADWORKS, SW","[1086179001-]"
-1.27167,52.85581,"ROADWORKS, NE","[1086180000-]"
-1.25389,52.86064,"ROADWORKS, NE","[1086180001-]"
-1.23053,52.87589,"ROADWORKS, NE","[1086180002-]"
-2.13053,52.63794,"W, ROADWORKS","[1086181000-]"
-2.14406,52.63831,"W, ROADWORKS","[1086181001-]"
-2.14975,52.63906,"E, ROADWORKS","[1086182000-]"
-2.13044,52.63806,"E, ROADWORKS","[1086182001-]"
-1.24594,50.87225,"W, ROADWORKS","[1086183000-]"
-1.25044,50.87336,"W, ROADWORKS","[1086183001-]"
-1.25550,50.87489,"W, ROADWORKS","[1086183002-]"
-1.26839,50.87731,"W, ROADWORKS","[1086183003-]"
-1.25947,50.87578,"E, ROADWORKS","[1086184000-]"
-1.24733,50.87289,"E, ROADWORKS","[1086184001-]"
-1.23828,50.87000,"E, ROADWORKS","[1086184002-]"
-0.76539,51.36864,"S","[1086188000-]"
-0.76758,51.36467,"S","[1086188001-]"
-0.77189,51.36019,"S","[1086188002-]"
-0.76767,51.36469,"N","[1086189000-]"
13.42913,54.67696,"[31313-]@30","[31313-]"
-0.76575,51.37233,"N","[1086189002-]"
11.39239,44.57944,"KM 1.5 - 111.3, Bologna -> Padova","[1026674000]"
11.47547,44.68239,"KM 1.5 - 111.3, Bologna -> Padova","[1026674001]"
11.55028,44.78222,"KM 1.5 - 111.3, Bologna -> Padova","[1026674002]"
11.56781,44.85222,"KM 1.5 - 111.3, Bologna -> Padova","[1026674003]"
11.57019,44.90039,"KM 1.5 - 111.3, Bologna -> Padova","[1026674004]"
11.68719,45.01508,"KM 1.5 - 111.3, Bologna -> Padova","[1026674005]"
11.73328,45.07111,"KM 1.5 - 111.3, Bologna -> Padova","[1026674006]"
11.76228,45.11153,"KM 1.5 - 111.3, Bologna -> Padova","[1026674007]"
11.77475,45.22067,"KM 1.5 - 111.3, Bologna -> Padova","[1026674008]"
11.78828,45.27614,"KM 1.5 - 111.3, Bologna -> Padova","[1026674009]"
11.83339,45.32572,"KM 1.5 - 111.3, Bologna -> Padova","[1026674010]"
11.95133,45.37528,"KM 1.5 - 111.3, Bologna -> Padova","[1026674011]"
13.42000,42.05653,"KM 137.9 - 89.1, Pescara > Torano","[1019241000]"
11.43569,44.96889,"[1009889000-]","[1009889000-]"
14.26844,42.40731,"KM 378.4 - 600.0, Bologna > Taranto","[1015763000]"
14.36531,42.33619,"KM 378.4 - 600.0, Bologna > Taranto","[1015763001]"
14.43489,42.27856,"KM 378.4 - 600.0, Bologna > Taranto","[1015763002]"
14.47000,42.24208,"KM 378.4 - 600.0, Bologna > Taranto","[1015763003]"
14.62139,42.17028,"KM 378.4 - 600.0, Bologna > Taranto","[1015763004]"
14.75703,42.05458,"KM 378.4 - 600.0, Bologna > Taranto","[1015763005]"
14.93664,42.01233,"KM 378.4 - 600.0, Bologna > Taranto","[1015763006]"
15.04467,41.94114,"KM 378.4 - 600.0, Bologna > Taranto","[1015763007]"
15.28306,41.88361,"KM 378.4 - 600.0, Bologna > Taranto","[1015763008]"
15.40897,41.71414,"KM 378.4 - 600.0, Bologna > Taranto","[1015763009]"
15.50100,41.59100,"KM 378.4 - 600.0, Bologna > Taranto","[1015763010]"
15.55214,41.51728,"KM 378.4 - 600.0, Bologna > Taranto","[1015763011]"
15.80197,41.35894,"KM 378.4 - 600.0, Bologna > Taranto","[1015763012]"
15.98975,41.26519,"KM 378.4 - 600.0, Bologna > Taranto","[1015763013]"
12.78975,45.84542,"KM 15.2 - 6.6, Pordenone Conegliano > Portogruaro ","[1050227000-]"
12.78067,41.92258,"KM 51.5, SW","[1018651001]"
13.36086,42.35656,"KM 74.6","[1018652000]"
13.86556,42.09725,"KM 87.1 - 135.9, Torano > Pescara","[1018654000]"
13.28414,42.17942,"KM 108.0 - 75.9, Teramo > Roma","[1018655000]"
10.07667,45.56419,"KM 217.0 - 146.9, Brescia > Milano","[1020388000]"
10.01906,45.57486,"KM 217.0 - 146.9, Brescia > Milano","[1020388001]"
9.92961,45.61469,"KM 217.0 - 146.9, Brescia > Milano","[1020388002]"
9.91219,45.62056,"KM 217.0 - 146.9, Brescia > Milano","[1020388003]"
9.86983,45.62994,"KM 217.0 - 146.9, Brescia > Milano","[1020388004]"
9.76247,45.65306,"KM 217.0 - 146.9, Brescia > Milano","[1020388005]"
9.69019,45.66631,"KM 217.0 - 146.9, Brescia > Milano","[1020388006]"
9.63028,45.64956,"KM 217.0 - 146.9, Brescia > Milano","[1020388007]"
9.55158,45.61275,"KM 217.0 - 146.9, Brescia > Milano","[1020388008]"
9.43297,45.58242,"KM 217.0 - 146.9, Brescia > Milano","[1020388009]"
9.37611,45.57214,"KM 217.0 - 146.9, Brescia > Milano","[1020388010]"
9.43314,45.58228,"KM 149.3 - 214.4, Milano > Brescia","[1020390000]"
9.47400,45.59014,"KM 149.3 - 214.4, Milano > Brescia","[1020390001]"
9.60783,45.63686,"KM 149.3 - 214.4, Milano > Brescia","[1020390002]"
9.65483,45.66297,"KM 149.3 - 214.4, Milano > Brescia","[1020390003]"
9.74100,45.65669,"KM 149.3 - 214.4, Milano > Brescia","[1020390004]"
9.84611,45.63500,"KM 149.3 - 214.4, Milano > Brescia","[1020390005]"
9.88836,45.62569,"KM 149.3 - 214.4, Milano > Brescia","[1020390006]"
9.91192,45.62050,"KM 149.3 - 214.4, Milano > Brescia","[1020390007]"
10.01900,45.57475,"KM 149.3 - 214.4, Milano > Brescia","[1020390008]"
10.05922,45.56728,"KM 149.3 - 214.4, Milano > Brescia","[1020390009]"
10.15694,45.52914,"KM 149.3 - 214.4, Milano > Brescia","[1020390010]"
14.27833,41.09231,"KM 736.7 - 493.9, Napoli > Milano","[1021145000-]"
14.19028,41.15131,"KM 736.7 - 493.9, Napoli > Milano","[1021145001-]"
14.09133,41.29014,"KM 736.7 - 493.9, Napoli > Milano","[1021145002-]"
13.91492,41.42614,"KM 736.7 - 493.9, Napoli > Milano","[1021145003-]"
13.81056,41.45572,"KM 736.7 - 493.9, Napoli > Milano","[1021145004-]"
13.70694,41.48711,"KM 736.7 - 493.9, Napoli > Milano","[1021145005-]"
13.52333,41.54325,"KM 736.7 - 493.9, Napoli > Milano","[1021145006-]"
13.32278,41.61603,"KM 736.7 - 493.9, Napoli > Milano","[1021145007-]"
13.13189,41.71417,"KM 736.7 - 493.9, Napoli > Milano","[1021145008-]"
13.02861,41.74889,"KM 736.7 - 493.9, Napoli > Milano","[1021145009-]"
12.94944,41.76083,"KM 736.7 - 493.9, Napoli > Milano","[1021145010-]"
12.84500,41.78972,"KM 736.7 - 493.9, Napoli > Milano","[1021145011-]"
12.80561,41.82278,"KM 736.7 - 493.9, Napoli > Milano","[1021145012-]"
12.75067,41.90778,"KM 736.7 - 493.9, Napoli > Milano","[1021145013-]"
12.72583,41.93931,"KM 736.7 - 493.9, Napoli > Milano","[1021145014-]"
12.62314,42.14583,"KM 736.7 - 493.9, Napoli > Milano","[1021145015-]"
12.60486,42.17697,"KM 736.7 - 493.9, Napoli > Milano","[1021145016-]"
12.55283,42.26283,"KM 736.7 - 493.9, Napoli > Milano","[1021145017-]"
12.47086,42.36078,"KM 736.7 - 493.9, Napoli > Milano","[1021145018-]"
12.42689,42.43175,"KM 736.7 - 493.9, Napoli > Milano","[1021145019-]"
12.47028,42.34292,"KM 736.7 - 493.9, Napoli > Milano","[1021145042-]"
11.34717,44.52933,"KM 9.1 - 115.8, Bologna > Taranto","[1023677000]"
11.37703,44.51486,"KM 9.1 - 115.8, Bologna > Taranto","[1023677001]"
11.42064,44.48117,"KM 9.1 - 115.8, Bologna > Taranto","[1023677002]"
11.43636,44.48050,"KM 9.1 - 115.8, Bologna > Taranto","[1023677003]"
11.58311,44.43353,"KM 9.1 - 115.8, Bologna > Taranto","[1023677004]"
11.73008,44.38486,"KM 9.1 - 115.8, Bologna > Taranto","[1023677005]"
11.80458,44.35731,"KM 9.1 - 115.8, Bologna > Taranto","[1023677006]"
11.88806,44.33042,"KM 9.1 - 115.8, Bologna > Taranto","[1023677007]"
12.07583,44.25792,"KM 9.1 - 115.8, Bologna > Taranto","[1023677008]"
12.20972,44.20122,"KM 9.1 - 115.8, Bologna > Taranto","[1023677009]"
12.26950,44.17592,"KM 9.1 - 115.8, Bologna > Taranto","[1023677010]"
12.45306,44.09283,"KM 9.1 - 115.8, Bologna > Taranto","[1023677011]"
11.81847,44.35294,"KM 9.1 - 115.8, Bologna > Taranto","[1023677014]"
11.85433,45.33917,"KM 114.2 - 1.4, Padova -> Bologna","[1023703000]"
11.81356,45.30053,"KM 114.2 - 1.4, Padova -> Bologna","[1023703001]"
11.77444,45.24442,"KM 114.2 - 1.4, Padova -> Bologna","[1023703002]"
11.77358,45.12869,"KM 114.2 - 1.4, Padova -> Bologna","[1023703003]"
11.74556,45.08714,"KM 114.2 - 1.4, Padova -> Bologna","[1023703004]"
11.70481,45.03486,"KM 114.2 - 1.4, Padova -> Bologna","[1023703005]"
11.60533,44.93111,"KM 114.2 - 1.4, Padova -> Bologna","[1023703006]"
11.56992,44.87111,"KM 114.2 - 1.4, Padova -> Bologna","[1023703007]"
11.55353,44.80250,"KM 114.2 - 1.4, Padova -> Bologna","[1023703008]"
11.48347,44.69250,"KM 114.2 - 1.4, Padova -> Bologna","[1023703009]"
11.40778,44.60306,"KM 114.2 - 1.4, Padova -> Bologna","[1023703010]"
11.36528,44.53833,"KM 114.2 - 1.4, Padova -> Bologna","[1023703011]"
13.94669,42.66300,"KM 327 - 374.9, Bologna > Taranto","[1023711000]"
14.02189,42.61600,"KM 327 - 374.9, Bologna > Taranto","[1023711001]"
14.11333,42.53444,"KM 327 - 374.9, Bologna > Taranto","[1023711002]"
14.11658,42.46253,"KM 327 - 374.9, Bologna > Taranto","[1023711003]"
14.12858,42.43100,"KM 327 - 374.9, Bologna > Taranto","[1023711004]"
10.48992,45.45258,"KM 225.9 - 268.8, Brescia > Verona ","[1024364000]"
10.59264,45.43550,"KM 225.9 - 268.8, Brescia > Verona ","[1024364001]"
10.67431,45.43003,"KM 225.9 - 268.8, Brescia > Verona ","[1024364002]"
10.82431,45.41697,"KM 225.9 - 268.8, Brescia > Verona ","[1024364003]"
10.36481,45.47275,"KM 246.4, > Brescia","[1024367000]"
10.72164,45.42950,"KM 273.5 - 260.4 Verona > Brescia","[1024372000]"
12.46414,42.39389,"KM 489.9 - 732.8, Milano > Napoli","[1025585000]"
12.50875,42.28631,"KM 489.9 - 732.8, Milano > Napoli","[1025585001]"
12.60322,42.18978,"KM 489.9 - 732.8, Milano > Napoli","[1025585002]"
12.61939,42.11194,"KM 489.9 - 732.8, Milano > Napoli","[1025585003]"
12.72575,41.93922,"KM 489.9 - 732.8, Milano > Napoli","[1025585004]"
12.75044,41.90806,"KM 489.9 - 732.8, Milano > Napoli","[1025585006]"
12.80231,41.82794,"KM 489.9 - 732.8, Milano > Napoli","[1025585007]"
12.89208,41.77322,"KM 489.9 - 732.8, Milano > Napoli","[1025585009]"
12.94889,41.76069,"KM 489.9 - 732.8, Milano > Napoli","[1025585010]"
13.10278,41.72833,"KM 489.9 - 732.8, Milano > Napoli","[1025585011]"
13.29194,41.62667,"KM 489.9 - 732.8, Milano > Napoli","[1025585012]"
13.47556,41.54678,"KM 489.9 - 732.8, Milano > Napoli","[1025585013]"
13.65500,41.50925,"KM 489.9 - 732.8, Milano > Napoli","[1025585014]"
13.78139,41.46203,"KM 489.9 - 732.8, Milano > Napoli","[1025585015]"
13.86517,41.44347,"KM 489.9 - 732.8, Milano > Napoli","[1025585016]"
14.06456,41.33533,"KM 489.9 - 732.8, Milano > Napoli","[1025585017]"
14.16289,41.18083,"KM 489.9 - 732.8, Milano > Napoli","[1025585018]"
14.24411,41.11017,"KM 489.9 - 732.8, Milano > Napoli","[1025585019]"
14.29139,41.08278,"KM 489.9 - 732.8, Milano > Napoli","[1025585020]"
12.84436,41.78997,"KM 489.9 - 732.8, Milano > Napoli","[1025585041]"
9.43389,45.28456,"KM 12,3 - 186,9, Milano > Napoli","[1026884000-]"
9.56581,45.18858,"KM 12,3 - 186,9, Milano > Napoli","[1026884001-]"
9.67769,45.11697,"KM 12,3 - 186,9, Milano > Napoli","[1026884002-]"
9.72892,45.07114,"KM 12,3 - 186,9, Milano > Napoli","[1026884003-]"
9.88419,44.97156,"KM 12,3 - 186,9, Milano > Napoli","[1026884004-]"
10.07750,44.89097,"KM 12,3 - 186,9, Milano > Napoli","[1026884005-]"
10.20444,44.87069,"KM 12,3 - 186,9, Milano > Napoli","[1026884006-]"
10.25183,44.86069,"KM 12,3 - 186,9, Milano > Napoli","[1026884007-]"
10.32094,44.84414,"KM 12,3 - 186,9, Milano > Napoli","[1026884008-]"
10.46953,44.79167,"KM 12,3 - 186,9, Milano > Napoli","[1026884009-]"
10.61697,44.73189,"KM 12,3 - 186,9, Milano > Napoli","[1026884010-]"
10.82594,44.67394,"KM 12,3 - 186,9, Milano > Napoli","[1026884011-]"
10.86764,44.64611,"KM 12,3 - 186,9, Milano > Napoli","[1026884012-]"
10.96222,44.58531,"KM 12,3 - 186,9, Milano > Napoli","[1026884013-]"
11.16578,44.51981,"KM 12,3 - 186,9, Milano > Napoli","[1026884014-]"
12.29931,44.16342,"KM 118.4 - 9.6, Taranto > Bologna","[1026886000]"
12.23236,44.19217,"KM 118.4 - 9.6, Taranto > Bologna","[1026886001]"
12.10389,44.24833,"KM 118.4 - 9.6, Taranto > Bologna","[1026886002]"
11.91389,44.32028,"KM 118.4 - 9.6, Taranto > Bologna","[1026886003]"
11.84156,44.34522,"KM 118.4 - 9.6, Taranto > Bologna","[1026886004]"
11.82192,44.35203,"KM 118.4 - 9.6, Taranto > Bologna","[1026886005]"
11.79981,44.35894,"KM 118.4 - 9.6, Taranto > Bologna","[1026886006]"
11.75564,44.37594,"KM 118.4 - 9.6, Taranto > Bologna","[1026886007]"
11.62222,44.41956,"KM 118.4 - 9.6, Taranto > Bologna","[1026886008]"
11.43525,44.48067,"KM 118.4 - 9.6, Taranto > Bologna","[1026886009]"
11.42339,44.48075,"KM 118.4 - 9.6, Taranto > Bologna","[1026886010]"
11.37461,44.51736,"KM 118.4 - 9.6, Taranto > Bologna","[1026886011]"
11.34764,44.52942,"KM 118.4 - 9.6, Taranto > Bologna","[1026886012]"
11.30131,44.52464,"KM 118.4 - 9.6, Taranto > Bologna","[1026886013]"
10.99700,44.57475,"KM 186.9 - 12.1, Napoli > Milano","[1027214000-]"
10.86811,44.64569,"KM 186.9 - 12.1, Napoli > Milano","[1027214001-]"
10.82350,44.67497,"KM 186.9 - 12.1, Napoli > Milano","[1027214002-]"
10.65672,44.72336,"KM 186.9 - 12.1, Napoli > Milano","[1027214003-]"
10.50603,44.77458,"KM 186.9 - 12.1, Napoli > Milano","[1027214004-]"
10.36967,44.83028,"KM 186.9 - 12.1, Napoli > Milano","[1027214005-]"
10.24781,44.86181,"KM 186.9 - 12.1, Napoli > Milano","[1027214006-]"
10.20036,44.87150,"KM 186.9 - 12.1, Napoli > Milano","[1027214007-]"
10.11983,44.88469,"KM 186.9 - 12.1, Napoli > Milano","[1027214008-]"
9.94136,44.94736,"KM 186.9 - 12.1, Napoli > Milano","[1027214009-]"
9.71169,45.08783,"KM 186.9 - 12.1, Napoli > Milano","[1027214010-]"
9.59208,45.17200,"KM 186.9 - 12.1, Napoli > Milano","[1027214011-]"
9.46081,45.26797,"KM 186.9 - 12.1, Napoli > Milano","[1027214012-]"
9.34278,45.33639,"KM 186.9 - 12.1, Napoli > Milano","[1027214013-]"
14.15786,40.83631,"KM 4.3 - 9.7, Direzione Est","[1027492000]"
14.18958,40.83328,"KM 4.3 - 9.7, Direzione Est","[1027492001]"
14.25611,40.86917,"KM 15.4 - 17.4, Direzione Est","[1027494000]"
14.17483,40.83914,"KM 9.9 - 8.1, Direzione Ovest","[1027496000]"
14.20917,40.83750,"KM 13.2 - 11.4, Direzione Ovest","[1027498000]"
8.93889,45.60569,"KM 13.5 - 27.2, Milano > Varese","[1029215000-]"
8.89725,45.62317,"KM 13.5 - 27.2, Milano > Varese","[1029215001-]"
8.82683,45.65283,"KM 13.5 - 27.2, Milano > Varese","[1029215002-]"
14.51861,40.91672,"KM 17.2 - 42.8, Caserta > Salerno","[1029216000-]"
14.53878,40.85928,"KM 17.2 - 42.8, Caserta > Salerno","[1029216001-]"
14.57692,40.82228,"KM 17.2 - 42.8, Caserta > Salerno","[1029216002-]"
14.60808,40.79519,"KM 17.2 - 42.8, Caserta > Salerno","[1029216003-]"
14.64814,40.77469,"KM 17.2 - 42.8, Caserta > Salerno","[1029216004-]"
14.71997,40.77244,"KM 17.2 - 42.8, Caserta > Salerno","[1029216013-]"
14.60800,40.79597,"KM 41.0 - 1.3, Salerno > Caserta","[1029224000]"
14.55792,40.83522,"KM 41.0 - 1.3, Salerno > Caserta","[1029224001]"
14.51822,40.91692,"KM 41.0 - 1.3, Salerno > Caserta","[1029224002]"
14.33772,41.03297,"KM 41.0 - 1.3, Salerno > Caserta","[1029224003]"
14.49497,40.93433,"KM 41.0 - 1.3, Salerno > Caserta","[1029224012]"
14.62836,40.77883,"KM 41.0 - 1.3, Salerno > Caserta","[1029224013]"
8.43194,44.29472,"KM 118.5 - 122.6, Altare > Bivio","[1050229000-]"
8.74464,44.45836,"KM 3.2 - 44.5, Genova Voltri > Gravellona T.","[1033919000]"
8.70425,44.50722,"KM 3.2 - 44.5, Genova Voltri > Gravellona T.","[1033919001]"
8.66750,44.56028,"KM 3.2 - 44.5, Genova Voltri > Gravellona T.","[1033919002]"
8.65694,44.62067,"KM 3.2 - 44.5, Genova Voltri > Gravellona T.","[1033919004]"
8.64633,44.75317,"KM 3.2 - 44.5, Genova Voltri > Gravellona T.","[1033919005]"
8.94478,44.54769,"KM 124.8 - 104.8, Genova > Milano","[1044323000]"
8.94208,44.58375,"KM 124.8 - 104.8, Genova > Milano","[1044323001]"
8.95642,44.61347,"KM 124.8 - 104.8, Genova > Milano","[1044323002]"
8.66072,44.64528,"KM 43.0 - 1.7, Gravellona T. > Genova Voltri","[1033924000]"
8.69944,44.52361,"KM 43.0 - 1.7, Gravellona T. > Genova Voltri","[1033924001]"
8.74425,44.45825,"KM 43.0 - 1.7, Gravellona T. > Genova Voltri","[1033924002]"
8.73831,44.44881,"KM 43.0 - 1.7, Gravellona T. > Genova Voltri","[1033924003]"
8.71683,44.44394,"KM 43.0 - 1.7, Gravellona T. > Genova Voltri","[1033924004]"
8.73528,44.44000,"KM 43.0 - 1.7, Gravellona T. > Genova Voltri","[1033924005]"
8.94200,44.58278,"KM 99.2 - 125.1, Milano > Genova","[1033930000]"
8.94667,44.55972,"KM 99.2 - 125.1, Milano > Genova","[1033930001]"
8.91056,44.47361,"KM 99.2 - 125.1, Milano > Genova","[1033930002]"
8.94958,44.62056,"KM 99.2 - 125.1, Milano > Genova","[1033930006]"
14.11703,42.50139,"KM 370.9 - 329.5, Taranto > Bolonga","[1033933000]"
14.10097,42.54847,"KM 370.9 - 329.5, Taranto > Bolonga","[1033933001]"
13.98964,42.63403,"KM 370.9 - 329.5, Taranto > Bolonga","[1033933002]"
13.91972,42.69764,"KM 370.9 - 329.5, Taranto > Bolonga","[1033933003]"
13.93422,42.75008,"KM 370.9 - 329.5, Taranto > Bolonga","[1033933004]"
11.51186,44.98544,"CELERITAS","[1050651000-]"
13.47044,45.84789,"KM 101.7 - 108.7, Vinezia -> Trieste","[1050251000-]"
12.86719,45.80175,"KM 72.3 - 20.8, Trieste -> Vinezia","[1050248000-]"
12.70800,45.74583,"KM 72.3 - 20.8, Trieste -> Vinezia","[1050248001-]"
12.55261,45.68158,"KM 72.3 - 20.8, Trieste -> Vinezia","[1050248002-]"
12.45131,45.63361,"KM 72.3 - 20.8, Trieste -> Vinezia","[1050248003-]"
12.57550,45.69236,"KM 24.5 - 92.0, Venezia ->Trieste, Anfang verschoben (?)","[1050241000-]"
12.63844,45.72169,"KM 24.5 - 92.0, Venezia ->Trieste, Anfang verschoben (?)","[1050241001-]"
12.77275,45.77822,"KM 24.5 - 92.0, Venezia ->Trieste, Anfang verschoben (?)","[1050241002-]"
12.94547,45.80772,"KM 24.5 - 92.0, Venezia ->Trieste, Anfang verschoben (?)","[1050241003-]"
13.16311,45.84972,"KM 24.5 - 92.0, Venezia ->Trieste, Anfang verschoben (?)","[1050241004-]"
13.25247,45.87942,"KM 24.5 - 92.0, Venezia ->Trieste, Anfang verschoben (?)","[1050241005-]"
15.66733,41.41339,"KM 590.8 - 378.4, Taranto > Bologna","[1050240000-]"
15.41386,41.68211,"KM 590.8 - 378.4, Taranto > Bologna","[1050240001-]"
15.32628,41.84967,"KM 590.8 - 378.4, Taranto > Bologna","[1050240002-]"
15.04589,41.94094,"KM 590.8 - 378.4, Taranto > Bologna","[1050240003-]"
14.93458,42.01275,"KM 590.8 - 378.4, Taranto > Bologna","[1050240004-]"
14.66278,42.13628,"KM 590.8 - 378.4, Taranto > Bologna","[1050240005-]"
14.52903,42.20522,"KM 590.8 - 378.4, Taranto > Bologna","[1050240006-]"
14.46761,42.24283,"KM 590.8 - 378.4, Taranto > Bologna","[1050240007-]"
14.39739,42.32122,"KM 590.8 - 378.4, Taranto > Bologna","[1050240008-]"
14.29767,42.37750,"KM 590.8 - 378.4, Taranto > Bologna","[1050240009-]"
14.20414,42.40372,"KM 590.8 - 378.4, Taranto > Bologna","[1050240010-]"
14.14975,42.40619,"KM 590.8 - 378.4, Taranto > Bologna","[1050240011-]"
15.91367,41.31561,"KM 590.8 - 378.4, Taranto > Bologna","[1050240027-]"
16.76483,41.09706,"KM 682.0 - 605.5, Taranto > Bologna","[1037882000-]"
16.70072,41.13719,"KM 682.0 - 605.5, Taranto > Bologna","[1037882001-]"
16.59236,41.17250,"KM 682.0 - 605.5, Taranto > Bologna","[1037882002-]"
16.52522,41.18514,"KM 682.0 - 605.5, Taranto > Bologna","[1037882003-]"
16.31400,41.25125,"KM 682.0 - 605.5, Taranto > Bologna","[1037882004-]"
16.11364,41.23744,"KM 682.0 - 605.5, Taranto > Bologna","[1037882005-]"
16.04519,41.24292,"KM 682.0 - 605.5, Taranto > Bologna","[1037882006-]"
16.20764,41.25122,"KM 609.0 - 668.2, Bologna > Taranto","[1037891000]"
16.40322,41.22283,"KM 609.0 - 668.2, Bologna > Taranto","[1037891001]"
16.45969,41.19931,"KM 609.0 - 668.2, Bologna > Taranto","[1037891002]"
16.66039,41.15086,"KM 609.0 - 668.2, Bologna > Taranto","[1037891003]"
16.73708,41.11200,"KM 609.0 - 668.2, Bologna > Taranto","[1037891004]"
12.37061,41.78769,"[1044348000]","[1044348000]"
7.77236,44.67189,"KM 14.4 - 33.4, Carmagnola > Marene","[1050232000-]"
14.75819,40.68419,"KM 42.8 - 51.7, Napoli > Salerno","[1044262000-]"
14.57078,40.73167,"KM 25.0 - 29.8, Napoli > Salerno","[1044264000-]"
14.52025,40.74431,"KM 25.0 - 29.8, Napoli > Salerno","[1044264002-]"
14.52033,40.74436,"KM 29.8 - 25.0, Salerno > Napoli","[1044283000-]"
14.49892,40.74297,"KM 29.8 - 25.0, Salerno > Napoli","[1044283002-]"
14.70578,40.71267,"KM 51.7 - 42.8, Salerno > Napoli","[1044284000-]"
14.67836,40.73336,"KM 51.7 - 42.8, Salerno > Napoli","[1044284001-]"
11.50736,44.99417,"CELERITAS","[1050650000-]"
8.08939,44.37392,"KM 91.1 - 85.0, Millesimo > Ceva","[1051499000-]"
7.74964,44.84078,"KM 33.4 - 14.4, Marene > Carmagnola","[1051501000-]"
12.70942,41.82753,"KM 3.8 - 10, San Cesareo > M.P.Catone","[1051502000-]"
12.77933,41.81806,"KM 11 - 3.9, M.P.Catone > San Cesareo","[1051504000-]"
13.27536,45.92297,"KM  16.6 - 3.2, Udine-Tarvisio > Palmanova","[1051507000-]"
8.84475,45.64511,"KM 29.0 - 12.2, Varese > Milano","[1053393000-]"
8.90139,45.62139,"KM 29.0 - 12.2, Varese > Milano","[1053393001-]"
8.99144,45.58353,"KM 29.0 - 12.2, Varese > Milano","[1053393002-]"
13.06106,46.32322,"KM 43.0 - 89.6 Palmanova > Udine Tarvisio ","[1053398000-]"
13.30164,46.49197,"KM 43.0 - 89.6 Palmanova > Udine Tarvisio ","[1053398001-]"
13.09642,46.37128,"KM 97.0 - 31.0, Tarvisio > Palmanova ","[1053401000-]"
13.08944,46.26736,"KM 97.0 - 31.0, Tarvisio > Palmanova ","[1053401001-]"
13.17239,46.14603,"KM 97.0 - 31.0, Tarvisio > Palmanova ","[1053401002-]"
13.34192,45.88444,"KM 108.7 - 97.8, Trieste -> Vinezia","[1053402000-]"
12.32303,41.88558,"VERGILIUS, KM 11.950, KM 15.700 e KM 23.500 Dir Civitavecchia","[1064129000-]"
12.24769,41.91319,"VERGILIUS, KM 11.950, KM 15.700 e KM 23.500 Dir Civitavecchia","[1064129001-]"
12.32914,41.88581,"VERGILIUS, KM 11.950, KM 15.700 e KM 23.500 Dir Civitavecchia","[1064129016-]"
13.04892,42.07703,"KM 14.5 - 49.2, Roma > Teramo","[1065125000]"
12.38883,41.79294,"CELERITAS","[1065281000]"
13.47214,46.50736,"Erweiterung der bestehenden Anlage (?)","[81810-]"
13.46989,46.50806,"Erweiterung der bestehenden Anlage (?)","[1081810000-]"
16.03036,41.24572,"Neuer zusätzlicher Abschnitt","[81811-]"
16.03322,41.24514,"Neuer zusätzlicher Abschnitt","[1081811000-]"
12.36522,41.88708,"VERGILIUS, KM 11.950, KM 15.700 e KM 23.500 Dir Roma","[1082414000]"
12.32278,41.88547,"VERGILIUS, KM 11.950, KM 15.700 e KM 23.500 Dir Roma","[1082414001]"
12.32842,41.88564,"VERGILIUS, KM 11.950, KM 15.700 e KM 23.500 Dir Roma","[1082414002]"
14.05603,40.92589,"VERGILIUS, KM 44.500 e KM 54.300, Dir Nord","[1082415000-]"
14.08344,40.84597,"VERGILIUS, KM 44.500 e KM 54.300, Dir Sud","[1082416000-]"
12.22728,44.51814,"VERGILIUS, KM 1.680 e KM 7.080","[1082417000-]"
12.20928,44.47128,"VERGILIUS, KM 1.680 e KM 7.080","[1082418000]"
9.64931,40.73369,"VERGILIUS","[1082419000-]"
9.60133,40.79681,"VERGILIUS","[1082420000-]"
12.01175,44.88797,"CELERITAS","[82421-]"
11.98975,44.88778,"CELERITAS","[1082421000-]"
11.98972,44.88772,"CELERITAS","[82422-]"
12.01194,44.88792,"CELERITAS","[1082422000-]"
12.25722,44.14356,"CELERITAS","[82423-]"
12.23850,44.14992,"CELERITAS","[1082423000-]"
12.23883,44.14964,"CELERITAS","[82424-]"
12.25772,44.14339,"CELERITAS","[1082424000-]"
10.06867,45.77122,"CELERITAS","[82425-]"
10.07164,45.77583,"CELERITAS","[1082425000-]"
10.07914,45.78369,"CELERITAS","[1082425001-]"
10.07883,45.78378,"CELERITAS","[82426-]"
10.07153,45.77589,"CELERITAS","[1082426000-]"
10.06858,45.77117,"CELERITAS","[1082426001-]"
8.90644,44.41061,"CELERITAS","[1082427000-]"
8.92592,44.41344,"CELERITAS","[1082427001-]"
8.92822,44.40861,"CELERITAS","[1082427002-]"
8.90953,44.41200,"CELERITAS","[1082428000-]"
8.93039,44.40286,"CELERITAS","[1082428001-]"
8.93475,44.39828,"CELERITAS","[1082428002-]"
11.73319,44.87989,"CELERITAS","[1082429000-]"
11.71200,44.87147,"CELERITAS","[1082430000-]"
9.01922,45.26000,"CELERITAS","[1082431000-]"
9.00406,45.27339,"CELERITAS","[1082432000-]"
9.94733,44.09044,"CELERITAS","[1082433000-]"
9.94272,44.09311,"CELERITAS","[1082434000-]"
11.85689,44.80886,"CELERITAS","[82436-]"
11.84133,44.81206,"CELERITAS","[1082436000-]"
11.82056,44.81642,"CELERITAS","[1082436001-]"
11.76261,44.82658,"CELERITAS","[1082436002-]"
11.87436,44.75014,"[1084309000-]","[1084309000-]"
11.27147,44.49808,"Dir BO","[86384-]"
11.26742,44.48803,"Dir BO","[1086384000-]"
16.79492,39.59897,"Dir Nord","[1085279000-]"
16.80531,39.59278,"Dir Sud","[1085280000-]"
16.25675,41.21325,"[1085281000-]","[1085281000-]"
11.39631,44.86372,"[1085282000-]","[1085282000-]"
8.95158,45.81717,"[1085662000-]","[1085662000-]"
10.08642,45.78611,"Dir Sud","[1086392000-]"
10.12158,45.81678,"[1086393000-]","[1086393000-]"
4.43344,51.93550,"Section-Control in Rtg. Rotterdam","[1001004002]"
4.67583,52.25278,"Anfang Section Control, zw. KM 13.1 und 16.3","[1002506003]"
4.42056,51.94694,"Section-Control in Rtg. Den Haag","[1001006002]"
4.84456,52.38786,"SectionControl zw. AS 'De Nieuwe Meer' und Coentunnel (21.2 - 27.2 km)","[1006047009]"
5.08250,52.06261,"SectionControl in Rtg. Den Haag, zw. km 63.5 und 58.3","[1005212004]"
4.34156,52.07356,"SectionControl in Rtg. Den Haag","[1001386003]"
4.36678,52.06428,"aus Rtg. Den Haag","[1003491003]"
4.91153,52.07369,"Section Control, zw. KM 49.3 und 46.2","[1002634003]"
5.13444,52.05481,"SectionControl in Rtg. Arnhem, zw. km 63.5 und 58.3","[1003897004]"
5.11386,52.05811,"SectionControl in Rtg. Arnhem","[1003899000]"
5.13444,52.05444,"SectionControl in Rtg. Arnhem","[1003899001]"
3.79636,51.39800,"'Traject Controle' in Rtg. Middelburg","[1003895008]"
4.47656,51.94114,"Section-Control in Rtg. Gouda, km 29.0 und 31.4","[1003887005]"
4.84106,52.34389,"SectionControl zw. AS 'De Nieuwe Meer' und Coentunnel (21.2 - 27.2 km), removed (?)","[1004372008-]"
4.43194,51.92861,"Section-Control aus Rtg. Gouda, km 29.0 und 31.4","[1004445005]"
3.79844,51.33950,"'Traject Controle' in Rtg. Terneuzen","[1003894008]"
5.11200,52.05900,"SectionControl in Rtg. Den Haag","[1015571000]"
5.09278,52.06139,"SectionControl in Rtg. Den Haag","[1015571001]"
4.98611,52.17928,"S, inaktiv","[1081437000-]"
5.01797,52.12625,"S, inaktiv","[1081437001-]"
4.96353,52.26331,"Rtg. Amsterdam, geplant für Ende 2012","[1081484000-]"
4.36017,51.50711,"S, Start Trajectcontrole op de A58, 4.8km","[1082413000-]"
4.41011,52.08211,"S","[1083968000-]"
4.46125,52.11097,"N","[1083969000-]"
9.45425,58.96072,"N","[1006264000]"
10.69781,60.21422,"SO","[1014848000]"
9.13144,60.55547,"[1053577000-]","[1053577000-]"
9.39344,61.89619,"SO, Section Control","[1029126000-]"
9.34017,61.92050,"NW, Section Control","[1029127000-]"
9.32411,58.93575,"[1029714012-]","[1029714012-]"
10.72750,62.05194,"N, 9.5 km long section with average speed control","[1037088000-]"
10.86250,62.00028,"S, 9.5 km long section with average speed control","[1037090000-]"
10.68750,60.24464,"[1086238000-]","[1086238000-]"
11.77481,61.00008,"[1086240000-]","[1086240000-]"
11.79517,61.01122,"[1086240001-]","[1086240001-]"
11.77458,60.99997,"[1086241000-]","[1086241000-]"
11.67867,60.93711,"[1086241001-]","[1086241001-]"
9.17772,60.49094,"[1086244000-]","[1086244000-]"
10.65664,59.69206,"[1086256000-]","[1086256000-]"
10.56714,59.66356,"[1086257000-]","[1086257000-]"
16.13325,47.62456,"KM 73.5, zw. Aspang und Edlitz in Rtg. Wien, 80km/h bei Nässe","[1001077000]"
16.40753,48.23547,"Section-Control, auch Abstandsmessung","[1005406000]"
16.42894,48.21900,"Section-Control, auch Abstandsmessung","[1005540000]"
15.51575,48.50653,"Section Control","[1081530000-]"
15.57133,48.49372,"Section Control","[1081529000-]"
14.29472,46.65819,"Section Control in Rtg. Westen","[1029009000]"
14.33247,46.64708,"Section Control in Rtg. Osten","[1029010000]"
15.37806,47.10911,"Section Control im Plabutschtunnel in Rtg. Norden","[1054327000]"
15.40703,47.03300,"Section Control im Plabutschtunnel in Rtg. Süden","[1054328000]"
20.51406,51.98047,"Start Section Control, in Rtg. SW","[1024091000]"
20.61000,52.01053,"Start","[1024093000-]"
20.39097,53.12508,"[1038183000-]","[1038183000-]"
20.33847,53.12719,"[1038184000-]","[1038184000-]"
20.38425,53.11325,"[1038185000-]","[1038185000-]"
20.34667,53.12814,"[1038186000-]","[1038186000-]"
20.37711,53.10633,"[1049940000-]","[1049940000-]"
19.02136,49.81786,"[1049941000-]","[1049941000-]"
19.02356,49.81336,"[1049942000-]","[1049942000-]"
20.37369,53.09997,"[1049943000-]","[1049943000-]"
17.05617,51.29869,"[1065306000-]","[1065306000-]"
20.94286,52.39356,"[1065309000-]","[1065309000-]"
19.23131,50.03825,"[65310-]","[65310-]"
19.23242,50.03828,"[1065310000-]","[1065310000-]"
16.87647,50.30342,"Position und Richtung nicht bekannt, nur Straßenbezeichnung","[65311-]"
16.87731,50.30492,"Position und Richtung nicht bekannt, nur Straßenbezeichnung","[1065311000-]"
18.67039,54.02917,"Teststrecke der Gdansk Transport Company (GTC)(Operator)","[1065312000-]"
18.64122,53.93542,"Teststrecke der Gdansk Transport Company (GTC)(Operator)","[1065313000-]"
17.05131,48.18242,"Section Control","[1019437000]"
-3.49808,38.40231,"[1064672000-]","[1064672000-]"
-8.15697,43.49300,"[1064671000-]","[1064671000-]"
0.77822,42.67178,"[1038110000-]","[1038110000-]"
-3.92250,36.75589,"KM 287.63","[1051755000-]"
-4.16164,40.71672,"[1051274000-]","[1051274000-]"
-3.66325,40.45486,"N","[1063814000]"
-4.10764,40.66992,"[1063835000-]","[1063835000-]"
-2.05975,43.17361,"[1063836000-]","[1063836000-]"
-0.94944,41.61922,"[1064152000-]","[1064152000-]"
-5.87558,42.86311,"[83752-]","[83752-]"
-5.87531,42.84686,"[1083752000-]","[1083752000-]"
-4.68794,36.49853,"[1086673000-]","[1086673000-]"
-4.63739,36.50850,"[1086674000-]","[1086674000-]"
14.42056,50.00522,"Section Control, Rtg. W.","[1081527000-]"
14.32667,50.07547,"W","[1005645000]"
14.46494,50.11761,"Start, NE","[1005651000-]"
14.40683,50.05806,"[1015210000]","[1015210000]"
17.63744,49.21881,"O","[1015861000]"
13.77675,50.56017,"Start Section Control in Rtg. Teplice","[1017575000]"
13.78919,50.68028,"beidseitig, Video","[1006394000]"
16.60050,49.22442,"S","[1017900000]"
17.65964,49.22028,"N, LKW 40km/h","[1017918000]"
17.68389,49.22542,"W","[1017919000]"
17.67750,49.23264,"W","[1017921000]"
17.65397,49.22978,"[1017923000-]","[1017923000-]"
17.65800,49.23408,"bs","[1017924000-]"
17.72444,48.98778,"N","[1017928000]"
14.39556,50.00167,"N","[1017931000]"
14.42556,50.03264,"[1017934000]","[1017934000]"
14.41781,50.05361,"[1017936000]","[1017936000]"
14.53806,50.10631,"[1017951000]","[1017951000]"
14.54389,50.10650,"O","[1017954000]"
14.51500,50.06361,"SW","[1017955000]"
14.32056,50.09272,"O","[1017959000]"
14.45100,50.14361,"N","[1017962000]"
14.38108,50.08678,"im Tunnel","[1017965000-]"
14.45861,50.04489,"NW","[1017967000]"
14.47694,50.04972,"N","[1017969000]"
14.01500,50.67556,"NW","[1017981000-]"
14.01444,50.67611,"NW","[1017981001-]"
14.00972,50.67878,"NW","[1017981002-]"
14.00861,50.67950,"NW","[1017981003-]"
14.03186,50.66192,"beidseitig, außer Betrieb (?)","[1017989000]"
14.03686,50.65839,"beidseitig, außer Betrieb (?)","[1017989001]"
14.04139,50.65236,"beidseitig","[1017990000]"
14.04264,50.65636,"beidseitig","[1017991000]"
14.05694,50.53833,"beidseitig","[1017996000]"
14.04725,50.54411,"beidseitig","[1017997000]"
13.97625,50.54275,"NW","[1018001000-]"
14.65847,49.57167,"[1018007000-]","[1018007000-]"
13.40922,49.68072,"Tunneleingang/-ausgang, beidseitig","[1018009000]"
13.40333,49.68094,"Tunneleingang/-ausgang, beidseitig","[1018010000]"
15.77853,50.02417,"[1019485000-]","[1019485000-]"
14.40764,50.05306,"[1023044000]","[1023044000]"
13.79036,50.67825,"beidseitig, Video","[1023034000]"
16.60856,49.20964,"S","[1020605000]"
14.09881,50.14111,"50km/h 20-7 Uhr, NW","[1021562000]"
14.60533,50.10614,"bs","[1027511000]"
14.60361,50.10769,"bs","[1027512000]"
13.74125,49.84319,"bs (?)","[1027513000]"
13.73839,49.84139,"S, bs (?)","[1027514000]"
14.62453,50.11042,"bs, 30 km/h ab 3.5t","[1027515000]"
14.62608,50.11592,"bs, 30 km/h ab 3.5t","[1027516000]"
17.60736,49.21789,"W","[1027517000]"
14.03197,50.66194,"beidseitig","[1029275000]"
14.02753,50.66356,"beidseitig","[1029275001]"
14.46222,50.04278,"NO","[1037017000-]"
14.48539,50.04647,"[1063764000-]","[1063764000-]"
17.95086,49.92192,"[1065111000-]","[1065111000-]"
15.20725,50.01772,"[1065110000-]","[1065110000-]"
17.94278,49.94069,"[1065112000-]","[1065112000-]"
14.29469,50.10250,"FR Prag","[1065115000-]"
14.36392,50.08511,"[1065114000-]","[1065114000-]"
14.29450,50.10394,"[1065116000-]","[1065116000-]"
14.40600,50.06161,"im Tunnel","[1065118000-]"
14.40606,50.06136,"im Tunnel","[1065119000-]"
14.47100,50.04450,"[1065120000-]","[1065120000-]"
14.48853,50.13086,"[1065121000-]","[1065121000-]"
13.97914,50.53661,"[1065122000-]","[1065122000-]"
14.35636,49.99931,"NW","[1085912000-]"
33.96639,38.41903,"mobil (?)","[1084422000-]"
34.25864,40.14153,"[1084425000-]","[1084425000-]"
7.78181,47.47486,"Abschnittsgeschwindigkeitsanlage in Rtg. Luzern, aktiv seit 13.1.11","[1050007000]"
-0.76550,51.36867,"N","[1086189001-]"