44.51667,40.18333,"The statement added that 10 cameras will be installed at major street intersections in Yerevan and another 15 on highways outside the capital by the end of this year. The total number of such devices is to reach 280 by 2017.","[64095-]"
153.05292,-27.52142,"abgebaut?","[43101-]"
151.14519,-33.80158,"[30025-]","[30025-]"
151.04433,-33.81261,"[43085-]","[43085-]"
151.24000,-33.92275,"[43044]","[43044]"
151.36967,-33.35350,"40/60","[30488]"
151.99558,-27.56811,"[43097-]","[43097-]"
151.31950,-33.42033,"60/70","[30620]"
151.21492,-33.87894,"video","[43076]"
150.96750,-33.83858,"[50559]","[50559]"
151.18136,-33.81281,"[50544-]","[50544-]"
153.09708,-27.36994,"[50528]","[50528]"
150.89506,-33.89372,"[50520]","[50520]"
149.16314,-35.22517,"[50507-]","[50507-]"
144.79575,-37.76958,"[50469-]","[50469-]"
152.97111,-27.48142,"[50427-]","[50427-]"
153.04403,-26.79517,"[50426-]","[50426-]"
145.17278,-38.09950,"[50425-]","[50425-]"
115.81553,-32.04642,"[50424-]","[50424-]"
153.10956,-26.69144,"[50422-]","[50422-]"
150.92764,-33.91889,"[41519]","[41519]"
151.03825,-33.90594,"[41521]","[41521]"
151.11161,-33.96433,"[41522]","[41522]"
150.89208,-34.38972,"[41528]","[41528]"
151.19739,-33.92064,"[41530]","[41530]"
150.99703,-33.84883,"[41531]","[41531]"
151.11731,-33.81961,"[41532]","[41532]"
151.69214,-32.98356,"[41545]","[41545]"
150.99492,-33.81842,"[41547]","[41547]"
151.09692,-34.03375,"[41549]","[41549]"
151.09294,-33.87792,"[41550-]","[41550-]"
150.98231,-33.83508,"[41553]","[41553]"
151.21936,-33.89347,"[41555-]","[41555-]"
150.96581,-33.78639,"[41556]","[41556]"
151.29833,-33.70239,"[41561-]","[41561-]"
153.10353,-26.68386,"[43121-]","[43121-]"
152.98003,-27.16650,"[43118-]","[43118-]"
152.99492,-26.91933,"[43119-]","[43119-]"
151.01333,-33.73175,"[43083]","[43083]"
151.21333,-33.86164,"video","[43074]"
151.21672,-33.89208,"[43043-]","[43043-]"
151.08167,-33.95056,"[43031]","[43031]"
149.16750,-35.22417,"[43020]","[43020]"
149.12333,-35.22806,"[43018]","[43018]"
149.08333,-35.19222,"[43016]","[43016]"
149.16222,-35.39083,"[43014]","[43014]"
149.16278,-35.34169,"[43015-]","[43015-]"
149.06353,-35.31917,"[43011]","[43011]"
130.84786,-12.43347,"[42963-]","[42963-]"
148.11108,-35.00781,"video","[50593]"
13.73872,46.65472,"Höhe Töplitsch kurz vor Ausfahrt 'Asfinag' Ende Parkplatz in Rtg. Salzburg, 130km/h, 22 Uhr bis 5 Uhr 110 km/h","[12]"
13.06472,47.73625,"600m n. AK 'Salzburg Süd (8)' in Rtg. Süden, 80-130km/h","[29022]"
11.35614,47.26344,"Zebrastreifen Höhe Lohbachweg A, beidseitig 50km/h und Nebenfahrbahn in Rtg. West 30 km/h","[5320]"
13.09486,47.72514,"KM 11.84 am Ende der Lärmschutzwand in Rtg. Salzburg kurz vor AS 'Puch', 80-130 km/h","[18793]"
15.52797,46.84572,"4km nach Auffahrt Leibnitz in Rtg. Graz, 80-130 km/h","[29062]"
11.34864,47.25303,"KM 80.5 Höhe 'Parkplatz Sieglander' in Rtg. Innsbruck, Heck + Frontfoto, meist 100km/h","[29065]"
15.12050,47.10842,"Rtg. Bärnbach, 50km/h, an Schultagen 30 km/h","[65288]"
4.37486,51.20250,"KM 13.3, 70 -100 km/h, Rtg. NW","[3209]"
4.36764,51.20903,"KM 14.4, 70 - 100 km/h, Rtg. SO","[16118]"
3.85372,50.97994,"KM 41.6 in Rtg. Aalst 70km/h, über 3.5t maximal 60km/h","[44413]"
3.85878,50.97769,"Rtg. Gent 70km/h, über 3.5t maximal 60km/h","[44412]"
-71.26283,46.72789,"TraffiTower","[39392]"
-57.46597,49.24689,"[54272-]","[54272-]"
114.49086,23.37992,"[33995-]","[33995-]"
114.87783,22.87625,"[33994-]","[33994-]"
114.47950,23.29539,"[33996-]","[33996-]"
113.90894,22.58286,"[34034-]","[34034-]"
113.92747,22.51064,"[34033-]","[34033-]"
113.93608,22.52467,"[34032-]","[34032-]"
113.93989,22.54314,"[34031-]","[34031-]"
113.95861,22.56278,"[34030-]","[34030-]"
113.96083,22.56233,"[34029-]","[34029-]"
113.96125,22.56217,"[34028-]","[34028-]"
113.96261,22.56197,"[34027-]","[34027-]"
113.96333,22.56197,"[34026-]","[34026-]"
113.97333,22.68714,"[34025-]","[34025-]"
113.98397,22.55844,"[34024-]","[34024-]"
113.99289,22.52675,"[34023-]","[34023-]"
113.99367,22.54672,"[34022-]","[34022-]"
113.99603,22.58936,"[34021-]","[34021-]"
114.02111,22.59325,"[34020-]","[34020-]"
114.02556,22.53114,"[34019-]","[34019-]"
114.04375,22.53122,"[34018-]","[34018-]"
114.05039,22.58967,"[34017-]","[34017-]"
114.05200,22.53158,"[34016-]","[34016-]"
114.06753,22.54797,"[34015-]","[34015-]"
114.06817,22.52917,"[34014-]","[34014-]"
114.07822,22.62142,"[34013-]","[34013-]"
114.09786,22.66508,"[34012-]","[34012-]"
114.09825,22.66494,"[34011-]","[34011-]"
114.13633,22.54981,"[34010-]","[34010-]"
114.14986,22.58917,"[34009-]","[34009-]"
114.15047,22.64389,"[34008-]","[34008-]"
114.18247,22.66181,"[34007-]","[34007-]"
114.18253,22.66197,"[34006-]","[34006-]"
114.18272,22.66214,"[34005-]","[34005-]"
114.18286,22.66233,"[34004-]","[34004-]"
114.21394,22.68017,"[34003-]","[34003-]"
114.26994,22.70969,"[34002-]","[34002-]"
114.27053,22.70961,"[34001-]","[34001-]"
114.29622,22.71817,"[34000-]","[34000-]"
114.29675,22.71839,"[33999-]","[33999-]"
114.36650,22.75167,"[33998-]","[33998-]"
114.36717,22.75211,"[33997-]","[33997-]"
114.87833,22.87592,"[33993-]","[33993-]"
115.05453,22.81008,"[33992-]","[33992-]"
115.21617,22.83728,"[33990-]","[33990-]"
115.21683,22.83714,"[33989-]","[33989-]"
116.19369,23.02889,"[33988-]","[33988-]"
116.19386,23.02892,"[33987-]","[33987-]"
116.49275,23.05833,"[33986-]","[33986-]"
115.05517,22.81025,"[33991-]","[33991-]"
116.49300,23.05864,"[33985-]","[33985-]"
113.90875,22.58319,"[34035-]","[34035-]"
113.90053,22.65928,"[34036-]","[34036-]"
113.89342,22.59786,"[34037-]","[34037-]"
113.89322,22.59819,"[34038-]","[34038-]"
113.88567,22.60358,"[34039-]","[34039-]"
113.88508,22.60436,"[34040-]","[34040-]"
113.84772,22.71703,"[34041-]","[34041-]"
113.84347,22.74289,"[34042-]","[34042-]"
113.83900,22.63992,"[34043-]","[34043-]"
113.83842,22.64064,"[34044-]","[34044-]"
113.83767,22.69114,"[34045-]","[34045-]"
113.83761,22.69097,"[34046-]","[34046-]"
113.83744,22.69064,"[34047-]","[34047-]"
113.83722,22.64231,"[34048-]","[34048-]"
113.81053,22.77422,"[34049-]","[34049-]"
113.74258,22.81403,"[34050-]","[34050-]"
113.74211,22.81425,"[34051-]","[34051-]"
113.73425,22.81656,"[34052-]","[34052-]"
113.73150,22.81747,"[34053-]","[34053-]"
113.73119,22.81764,"[34054-]","[34054-]"
113.69486,22.95544,"[34055-]","[34055-]"
113.69431,22.95400,"[34056-]","[34056-]"
113.68897,22.93736,"[34057-]","[34057-]"
113.68506,22.84631,"[34058-]","[34058-]"
113.67389,22.87000,"[34059-]","[34059-]"
113.67339,22.87175,"[34060-]","[34060-]"
113.67261,22.87458,"[34061-]","[34061-]"
113.67219,22.87539,"[34062-]","[34062-]"
113.67181,22.87753,"[34063-]","[34063-]"
113.66908,22.89919,"[34064-]","[34064-]"
113.66903,22.89761,"[34065-]","[34065-]"
113.66594,23.02722,"[34066-]","[34066-]"
113.66592,23.02736,"[34067-]","[34067-]"
113.66478,23.02844,"[34068-]","[34068-]"
113.66408,23.02903,"[34069-]","[34069-]"
113.66333,23.02983,"[34070-]","[34070-]"
113.62481,22.80236,"[34071-]","[34071-]"
113.61475,23.06114,"[34072-]","[34072-]"
113.61242,23.06308,"[34073-]","[34073-]"
113.58811,22.77650,"[34074-]","[34074-]"
113.55400,23.13092,"[34075-]","[34075-]"
113.55269,23.13178,"[34076-]","[34076-]"
113.52978,22.42172,"[34077-]","[34077-]"
113.51192,23.14722,"[34078-]","[34078-]"
113.50997,23.14725,"[34079-]","[34079-]"
113.48942,22.76739,"[34080-]","[34080-]"
113.48936,22.76722,"[34081-]","[34081-]"
113.48928,22.76722,"[34082-]","[34082-]"
113.48908,22.76672,"[34083-]","[34083-]"
113.46517,23.15789,"[34084-]","[34084-]"
113.35403,23.16661,"[34085-]","[34085-]"
113.30047,22.60094,"[34086-]","[34086-]"
113.29958,22.60028,"[34087-]","[34087-]"
113.13092,22.56139,"[34088-]","[34088-]"
113.13078,22.56131,"[34089-]","[34089-]"
26.22619,58.59961,"[64465-]","[64465-]"
22.24983,61.15133,"O","[20856]"
22.28444,61.15733,"O","[20857]"
23.47944,59.98764,"[20855]","[20855]"
23.38583,59.97139,"[20853]","[20853]"
23.43808,59.98211,"W","[20854]"
23.36583,59.95617,"N","[20852]"
27.29175,61.43497,"S","[26727]"
27.07361,62.61556,"S","[8873]"
27.79783,61.89144,"N","[4976]"
27.85081,62.30322,"NO","[18709]"
24.32925,60.39478,"N","[24620]"
27.24222,61.51508,"S","[23240]"
23.25378,59.90783,"[20851]","[20851]"
24.32847,60.35389,"[24619-]","[24619-]"
23.23317,59.90631,"O","[20850]"
28.77944,61.88283,"W","[17706]"
28.81594,61.87789,"O","[17707]"
28.96133,61.87767,"W","[17710]"
29.04100,61.88086,"O","[17711]"
29.04961,61.88142,"W","[17712]"
29.08042,61.88317,"O","[17713]"
29.11050,61.87986,"NW","[17714]"
29.14289,61.89200,"NO","[17715]"
29.14889,61.89333,"W","[17716]"
29.18317,61.89658,"O","[17717]"
29.18314,61.84672,"SO","[17718]"
29.20253,61.89700,"[17719]","[17719]"
29.24111,61.82594,"NW","[17720]"
29.28625,61.80547,"O","[17721]"
29.31900,61.80244,"NW","[17722]"
29.36822,61.76636,"SO","[17723]"
29.39489,61.73858,"N","[17724]"
27.92272,62.30186,"NW","[17725]"
27.99628,62.31353,"NO","[17726]"
28.00689,62.32300,"SW","[17727]"
28.03117,62.33453,"NO","[17728]"
28.04222,62.33953,"SW","[17729]"
28.10717,62.37078,"NO","[17730]"
28.59292,61.91303,"[17731]","[17731]"
28.61289,61.90617,"NW","[17732]"
28.68072,61.89822,"O","[17733]"
28.68897,61.89747,"W","[17734]"
29.25375,61.90458,"NO","[17735]"
29.26083,61.90861,"SW","[17736]"
29.27025,61.92917,"S","[17737]"
29.27122,61.92386,"[17738]","[17738]"
25.76603,65.12589,"NO","[17756]"
26.13850,65.18292,"O","[17760]"
26.14581,65.18411,"W","[17761]"
26.55283,65.26750,"[17765]","[17765]"
26.19250,66.62114,"O","[17773]"
28.11542,62.37461,"SW","[17774]"
28.15172,62.39622,"NO","[17775]"
28.16506,62.40725,"SW","[17776]"
28.31992,62.46283,"SW","[17778]"
28.36911,62.48781,"NO","[17780]"
28.37264,62.49028,"SW","[17781]"
28.54664,62.52881,"SO","[17784]"
28.55261,62.52772,"NW","[17785]"
28.01744,62.93033,"O","[17794]"
28.95000,61.87139,"N","[17667]"
28.62950,62.51314,"[18711]","[18711]"
28.96572,62.70056,"W","[18717]"
29.13403,62.66739,"SE","[18718]"
22.28636,61.15775,"[20858]","[20858]"
22.31489,61.16269,"O","[20859]"
22.51478,61.17297,"W","[20860]"
22.72850,61.26217,"N","[20861]"
22.72922,61.26347,"S","[20862]"
22.81314,61.30633,"N","[20863]"
22.81519,61.30736,"S","[20864]"
23.58914,60.02939,"N","[20867]"
23.70547,60.07319,"S","[20868]"
23.71167,60.07556,"NO","[20869]"
23.87575,60.13589,"SW","[20870]"
23.89064,60.14369,"N","[20871]"
23.95411,60.16708,"SW","[20872]"
23.98303,60.17697,"NO","[20873]"
24.03317,60.22656,"SW","[20874]"
24.06647,60.24364,"NE","[20875]"
23.01475,61.33422,"NO","[20882]"
23.01708,61.33497,"S","[20883]"
23.08947,61.35875,"N","[20884]"
23.09089,61.35931,"S","[20885]"
27.36417,61.40000,"N","[26726]"
27.83878,62.13175,"N","[20888]"
27.30286,63.16222,"S","[20889]"
27.33314,63.14233,"NW","[20890]"
27.05803,61.82733,"NO","[26725]"
27.29494,63.67042,"S","[20893]"
27.10692,65.40017,"W","[20898]"
27.36583,62.65014,"SO","[20899]"
27.37350,62.64197,"[20900]","[20900]"
28.65414,62.51794,"[20901]","[20901]"
27.54917,63.08719,"O","[20906]"
27.56947,63.08161,"W","[20907]"
27.62989,63.07119,"NW","[20908]"
27.78869,63.13383,"W","[20915]"
27.84792,63.13847,"O","[20916]"
27.86728,63.14347,"SW","[20917]"
27.51983,65.42911,"[20918]","[20918]"
26.45708,61.06111,"SO","[22160]"
26.46706,61.05850,"W","[22161]"
26.58314,61.02372,"S","[22162]"
26.55783,61.03744,"N","[22163]"
26.54950,61.04264,"S","[22164]"
27.25531,61.47292,"S","[22165]"
27.23919,61.50875,"N","[22166]"
26.68406,63.64797,"[22167]","[22167]"
26.76589,63.62211,"W","[22168]"
26.90689,63.61178,"O","[22169]"
27.08256,63.60369,"W","[22171]"
27.14319,63.60589,"O","[22172]"
27.88917,61.89481,"W","[22173]"
27.84889,61.89736,"O","[22174]"
27.81269,61.89869,"W","[22175]"
29.89558,62.71683,"O","[22179]"
29.90544,62.71753,"W","[22180]"
29.98125,62.73722,"N","[22181]"
29.99697,62.74528,"[22182]","[22182]"
30.08231,62.78961,"N","[22183]"
30.08858,62.79381,"SW","[22184]"
30.10231,62.79750,"NO","[22185]"
30.11875,62.80197,"SW","[22186]"
30.13731,62.80647,"O","[22189]"
30.16158,62.80989,"W","[22190]"
27.25358,61.64036,"N","[23268]"
27.26203,61.65353,"S","[23269]"
27.15189,61.74806,"N","[23271]"
27.14731,61.75200,"S","[23272]"
27.03872,61.83894,"S","[23274]"
26.96153,63.61428,"O","[23275]"
26.60367,63.65956,"N","[23276]"
26.61111,63.66156,"W","[23277]"
27.06278,63.66833,"W","[23278]"
27.04950,63.67242,"SO","[23279]"
27.15425,63.60281,"N","[23280]"
25.64189,64.63667,"N","[23281]"
27.15419,63.60747,"S","[23282]"
26.93031,63.80808,"SO","[23283]"
26.94403,63.80297,"N","[23284]"
26.98772,63.74331,"S","[23285]"
26.98950,63.73386,"N","[23286]"
27.91639,61.89939,"O","[23287]"
29.86881,62.71522,"W","[23288]"
24.06144,60.60722,"O","[24633]"
24.09222,60.59661,"[24634-]","[24634-]"
24.10875,60.59081,"W","[24635]"
24.13692,60.57822,"SO","[24636]"
24.17217,60.56831,"NW","[24637]"
24.21889,60.54406,"SO","[24638]"
24.22411,60.54214,"NW","[24639]"
22.45089,62.69106,"N","[24645]"
22.69186,62.52389,"N","[24651]"
22.79075,62.41606,"S","[24654]"
22.79092,62.41569,"N","[24655]"
22.79294,62.40067,"S","[24656]"
27.26756,61.45119,"N","[26728]"
25.45594,66.43217,"O","[29698]"
8.92972,53.02922,"km 104.5 in Rtg. Hamburg, unter Geschwindigkeitsregelanlage","[2975]"
8.91306,53.03639,"km 106 in Rtg. Osnabrück, unter Geschwindigkeitsregelanlage","[3110]"
10.69089,50.64733,"KM125 n. Hochwaldtunnel in Rtg. Meiningen, meist 80km/h","[8235]"
10.69083,50.65028,"KM125 n. Tunnel 'Berg Bock' in Rtg. Erfurt, meist 80km/h","[8290]"
10.75111,50.70250,"KM117 in Rtg. Suhl (im Tunnel), meist 80km/h","[8233]"
10.72267,50.68761,"KM120 in Rtg. Erfurt (im Tunnel), meist 80km/h","[8234]"
10.66650,50.62778,"KM128 in Rtg. Meiningen (im Tunnel), meist 80km/h","[8236]"
10.66681,50.62750,"KM128 in Rtg. Erfurt (im Tunnel), meist 80km/h","[8289]"
12.79194,47.82833,"Höhe 'Teisenberg' n. AS Neukirchen (113) aus 3. Schilderbrücke in Rtg. Salzburg, bergab","[790]"
11.60958,48.33642,"n. Ausfahrt Raststätte Fürholzen und in den folgenden Verkehrsleitanlagen in Rtg. München","[2985]"
8.54056,52.03036,"im Ostwestfalen-Tunnel aus Rtg. Herford","[56]"
8.53333,52.03214,"vor Tunneleinfahrt in Rtg. Herford","[2889]"
8.54000,52.03025,"im Ostwestfalen-Tunnel in Rtg. Herford","[8284]"
7.06297,51.46314,"vor Bushaltestelle 'Schönscheidtstr.' aus Rtg. Duisburg n. AS26, alle Spuren","[3650]"
7.06981,51.46431,"n. AS27 am Standspurende vor Fussgängerbrücke in Rtg. Duisburg, beide rechte Spuren, ab 80km/h","[8037]"
7.06456,51.46389,"vor Bushaltestelle 'Schönscheidtstr.' in Rtg. Duisburg zw. AS26 und AS27, linke und mittlere Spur, ab 100km/h, LKW 80km/h","[8038]"
11.11817,47.53625,"200m vor Tunneleingang aus der Verkehrsleitanlage in Rtg. Garmisch-Partenkirchen","[3206]"
11.11125,47.51611,"200m vor Tunneleinfahrt aus der Verkehrsleitanlage in Rtg. Oberau","[3207]"
7.84125,47.98839,"Höhe Rehlingstr., stadteinwärts, 22.00 bis 6.00 Uhr 30km/h, sonst 50km/h","[2154]"
7.84144,47.98869,"Höhe Rehlingstr., stadtauswärts, 22.00 bis 6.00 Uhr 30km/h, sonst 50km/h","[8160]"
9.45539,47.65728,"Nähe Landratsamt, stadteinwärts, 22-6 Uhr 30km/h, sonst 50kmh","[3436]"
9.40528,47.67000,"Höhe Campingplatz, 22 Uhr bis 06 Uhr 30km/h, sonst 50km/h, drehbar","[3439]"
11.73039,48.14258,"in Verkehrsleitanlage vor AS Feldkirchen-Ost (7) in Rtg. Passau","[3591]"
11.60833,50.87953,"Mitte Lärmschutztunnel. zw. AS 'Jena-Göschwitz' und AS 'Jena-Lobeda' in Rtg. Erfurt","[6868]"
11.61617,48.14883,"130m nach 'Haupt'-Tunneleingang in Rtg. Süden, meist 60km/h","[29006]"
7.07061,50.92058,"Höhe Heumarer Dreieck in Rtg. Duisburg aus Verkehrsleitanlage","[1180]"
6.27811,50.63231,"Höhe Schule in Rtg. Simmerath, Mo-Fr 7.00 bis 17.00 Uhr 30km/h, sonst 50km/h","[21]"
9.29756,48.85236,"OE aus Rtg. Waiblingen, nach Kreisverkehr, von 22-6Uhr 30km/h, sonst 50km/h","[3095]"
10.66861,52.30911,"Parkplatz Essehof in Rtg. Berlin","[63985]"
9.41667,47.66928,"Rtg. Friedrichshafen, 6 bis 22 Uhr 50 km/h, nachts 30 km/h","[54282]"
9.45469,47.65750,"Nähe Landratsamt, stadtauswärts, 22-6 Uhr 30km/h, sonst 50km/h","[3375]"
11.62008,48.20239,"Höhe AS München-Fröttmaning (73) KM 526 und in den folgenden Verkehrsleitanlagen in Rtg. Nürnberg, teilweise auch Abstand","[5332]"
10.81767,50.71783,"vor Tunnel 'Alte Burg' in Rtg. Suhl, auch Abstandsmessung, meist 80km/h","[5539]"
13.41889,52.46089,"n. Tunneleinfahrt in Rtg. Osten, Heck+Front, 60-80km/h","[40014]"
10.18497,52.35683,"vor Parkplatz Röhrse in Rtg. Hannover","[63984]"
7.16378,51.24561,"beidseitig, Vitronic, Baustelle talwärts 50km/h, sonst 70km/h","[53851]"
11.60667,50.87867,"Mitte Lärmschutztunnel. zw. AS 'Jena-Göschwitz' und AS 'Jena-Lobeda' in Rtg. Dresden","[6326]"
9.45906,47.65658,"Höhe Säntisstr., beidseitig, 2-6 Uhr 30km/h, sonst 50kmh","[2326]"
9.83528,48.51056,"km 135.6 in Rtg. Stuttgart","[4442]"
9.69500,48.53111,"km 146.5 in Rtg. München","[4394]"
9.92278,48.46333,"km 126,85 in Rtg. München","[4387]"
10.79272,50.71567,"vor Tunnel 'Alte Burg' aus Rtg. Suhl, auch Abstandsmessung, meist 80km/h","[8767]"
9.91825,48.46519,"km 127,35 in Rtg. Stuttgart","[4443]"
7.09497,51.46953,"300m vor Abfahrt 'Gelsenkirchen (28)' in Rtg. Bochum Höhe Fußgängerbrücke, ab 80km/h ","[10729]"
11.58581,48.47100,"4km n. 'AS Pfaffenhofen (66)' bei km 495.0 aus Schilderbrücke in Rtg. München, teilstationär","[6555]"
7.09478,51.46967,"300m n. Abfahrt 'Gelsenkirchen (28)' aus Rtg. Bochum Höhe Fußgängerbrücke, ab 100km/h ","[15775]"
7.83042,47.99061,"Höhe Feuerwehrausfahrt, stadteinwärts, 22.00 bis 6.00 Uhr 30km/h, sonst 50km/h","[18989]"
7.26381,51.31397,"Höhe 'Wuppertal-Nord (38)' aus Rtg. Düsseldorf, beide Spuren","[20063]"
11.64403,48.25083,"Höhe Garching in Rtg. München aus VLS","[20115]"
10.72222,50.68778,"KM120 in Rtg. Suhl (im Tunnel), meist 80km/h","[21611]"
10.75111,50.70208,"KM117 in Rtg. Erfurt (im Tunnel), meist 80km/h","[21612]"
11.61569,48.14528,"im Tunnel bei 2. Nothaltebucht, S, meist 60km/h","[27500]"
11.63394,48.29494,"Höhe Eching aus Rtg. München aus VLS","[51245]"
11.61583,48.14528,"Höhe Nothaltebucht im Tunnel, 50m vor AS Deininger Straße in Rtg. Norden, meist 60km/h","[29007]"
11.61500,48.13722,"50m nach 'Haupt'-Tunneleingang in Rtg. Norden, meist 60km/h","[29008]"
8.51264,52.01075,"6-22Uhr 100km/h, 22-06Uhr 80km/h, LKW immer 80km/h, stadteinwärts mit Heckblitz","[36759]"
11.67283,48.13744,"in Verkehrsleitanlage nach Einfahrt 'Am Moosfeld' in Rtg. Ried, teilstationär","[29670]"
11.71892,48.18517,"zw. AS 'Kirchheim' und AS 'Aschheim/Ismaning' in Rtg. Norden aus Schilderbrücke, teilstationär","[49842]"
8.70544,50.94006,"OE aus Rtg. Marburg, 6 bis 22 Uhr 50 km/h, sonst 30km/h","[53821-]"
13.43656,52.46261,"n. Tunneleinfahrt in Rtg. Westen, Heck+Front, 60-80km/h","[40015]"
13.43464,52.46211,"vor Tunnelausfahrt in Rtg. Osten, Heck+Front, 60-80km/h","[40531]"
13.42028,52.46150,"vor Tunnelausfahrt in Rtg. Westen, Heck+Front, 60-80km/h","[40530]"
11.74928,48.15736,"in Rtg. Süden aus Schilderbrücke, teilstationär","[51774]"
7.60522,51.25803,"Höhe Auffahrt A45, beidseitig, Poliscan Speed, 60km/h in Rtg. Lüdenscheid, 70km/ Gegenrichtung","[51004]"
8.27472,50.73183,"PoliScan Speed, LKW 60km/h, KM 137.3","[53435]"
8.51297,52.01108,"6-22Uhr 100km/h, 22-06Uhr 80km/h, LKW immer 80km/h, stadtauswärts, keine Betriebserlaubnis bis 11.2011","[53459]"
8.71500,50.95667,"6 bis 22 Uhr 50 km/h, sonst 30km/h, stadteinwärts","[53777-]"
8.70694,50.94367,"Richtung Marburg, 6-22 Uhr 50 km/h sonst 30 km/h","[53762-]"
8.71875,50.96281,"Rtg. Marburg, 6 bis 22 Uhr 50 km/h, sonst 30km/h","[53763]"
13.55583,52.36267,"OE aus Rtg. Schönefeld, 6 - 22 Uhr, 30 km/h, sonst 50 km/h, PoliScan","[54253]"
9.40925,47.67000,"Rtg. Friedrichshafen, 6 bis 22 Uhr 60 km/h, nachts 30 km/h","[54285]"
9.41667,47.66939,"Rtg. Immenstaad, 6 bis 22 Uhr 60 km/h, nachts 30 km/h","[63861]"
9.40925,47.67014,"Rtg. Immenstaad, 6 bis 22 Uhr 60 km/h, nachts 30 km/h","[63862]"
10.32639,52.33847,"vor Raststätte Zweidorfer Holz in Rtg. Berlin","[63982]"
10.71028,52.30806,"Parkplatz Essehof in Rtg. Hannover","[63986]"
11.75422,48.15128,"neuer Blitzer im Verkehrsleitsystem (?)","[65161-]"
9.82600,48.51486,"Rtg. München","[65192-]"
9.85508,52.56694,"aus Rtg. Celle, 6-22 Uhr 50km/h, 22-6 Uhr 30km/h","[65338]"
9.84406,52.56436,"aus Rtg. Celle, 22-6 Uhr 30km/h, 6-22 Uhr 50km/h","[65339]"
8.72650,50.90603,"aus Rtg.Frankenberg, Poliscan, 6 - 22 Uhr 50 km/h, von 22 - 6 Uhr 30 km/h","[65449-]"
8.70464,50.92497,"beidseitig, 22-6 Uhr 30 km/h, 6-22 Uhr 50 km/h, mobil(?)","[65479-]"
0.21183,51.40644,"[51182-]","[51182-]"
-0.41125,51.78297,"N, on top of gantry","[50270-]"
-0.39286,51.73519,"N, on top of gantry","[50267-]"
-1.24492,53.02050,"[54191-]","[54191-]"
0.27775,51.58217,"[64555-]","[64555-]"
-1.71356,52.48714,"[64550-]","[64550-]"
-1.71211,52.48878,"[64551-]","[64551-]"
-1.71697,52.47936,"[64549-]","[64549-]"
-1.72583,52.51156,"[64547-]","[64547-]"
-1.72881,52.50939,"[64545-]","[64545-]"
-1.74667,52.50958,"N","[29606]"
-1.74089,52.50350,"S","[29607]"
-1.73339,52.49236,"[64538-]","[64538-]"
0.27425,51.58522,"[64554-]","[64554-]"
-0.44889,51.68350,"[64552-]","[64552-]"
-1.72069,52.50217,"[64548-]","[64548-]"
-0.50572,51.36894,"[11078]","[11078]"
-0.50486,51.36753,"N","[11079]"
-0.49814,51.36122,"bs","[11080]"
-0.49203,51.35467,"bs","[11083]"
-0.48472,51.33775,"bs","[11084]"
-0.48128,51.33164,"bs","[11085]"
-0.47347,51.32672,"bs","[11086]"
-0.46339,51.32458,"bs","[11087]"
-1.76853,52.39392,"on gantries between junctions 3A and 7","[11097]"
-1.71883,52.42661,"[64542-]","[64542-]"
0.52853,51.29500,"N","[21808]"
-1.74686,52.50942,"N","[29605]"
0.49944,51.29744,"E","[21806]"
-0.26892,51.28494,"[54194-]","[54194-]"
-1.28194,52.94214,"[54186-]","[54186-]"
-1.76814,52.51425,"[64536-]","[64536-]"
-1.79306,52.37036,"[64532-]","[64532-]"
-0.51964,51.45611,"N","[22571]"
0.46106,51.30206,"E","[21805]"
-1.27394,52.95594,"[54187-]","[54187-]"
-0.49997,51.48408,"SW","[23345]"
-1.72339,52.48353,"S","[29614]"
-1.75947,52.51411,"[64537-]","[64537-]"
-1.29153,53.07797,"[54185-]","[54185-]"
-0.50250,51.54083,"S","[23343]"
-0.41439,51.75364,"[54195-]","[54195-]"
-1.73222,52.49086,"[64544-]","[64544-]"
-1.72783,52.52389,"S","[29611]"
0.49972,51.29733,"W","[21807]"
-0.51928,51.45611,"S","[22572]"
-1.70969,52.45389,"on gantries between junctions 3A and 7","[11460]"
-0.53994,51.41536,"S","[22570]"
0.67078,51.33622,"[14004]","[14004]"
-1.72158,52.42158,"[64541-]","[64541-]"
0.52842,51.29528,"S","[21809]"
-1.78097,52.51083,"[64535-]","[64535-]"
-0.54117,51.41039,"N","[23228]"
-1.70944,52.45389,"on gantries between junctions 3A and 7","[24094]"
-1.76817,52.39392,"on gantries between junctions 3A and 7","[24096]"
-1.74114,52.50347,"N","[24200]"
-1.80544,52.36139,"[64529-]","[64529-]"
-2.03808,52.62278,"[49957-]","[49957-]"
-2.98447,51.60481,"[54180-]","[54180-]"
-2.91639,51.60147,"W","[54181-]"
-0.51733,51.38353,"N","[27093]"
-1.73689,52.50756,"O","[29608]"
-1.76056,52.51444,"O","[29604-]"
-0.28153,51.29072,"[54193-]","[54193-]"
-2.01453,52.58825,"[51177-]","[51177-]"
-1.23586,53.00750,"[54192-]","[54192-]"
-1.71047,52.45992,"[64543-]","[64543-]"
-1.72747,52.41378,"[64539-]","[64539-]"
-1.80042,52.36567,"[64530-]","[64530-]"
-1.79908,52.34617,"[64531-]","[64531-]"
-1.97636,52.55681,"[51181-]","[51181-]"
-1.98494,52.56192,"[51180-]","[51180-]"
-1.27350,52.95617,"[54188-]","[54188-]"
-2.02144,52.60797,"[44684-]","[44684-]"
-1.79131,52.34294,"[64533-]","[64533-]"
-1.25375,52.97317,"[54189-]","[54189-]"
-1.72408,52.41781,"[64540-]","[64540-]"
-0.39631,51.74056,"S, on top of gantry","[50268-]"
-0.41133,51.79161,"S, on top of gantry","[50271-]"
-0.51714,51.38358,"S","[36708]"
-2.02806,52.61500,"[51176-]","[51176-]"
-2.02842,52.61503,"[51175-]","[51175-]"
-1.73775,52.40767,"[64534-]","[64534-]"
-2.01178,52.57133,"[51179-]","[51179-]"
-2.01358,52.57614,"[51178-]","[51178-]"
-1.29836,52.93183,"[54183-]","[54183-]"
-0.50167,51.48278,"N","[36835]"
-1.72733,52.52069,"[64546-]","[64546-]"
-2.04172,52.62508,"[44682-]","[44682-]"
-2.02181,52.60808,"[44683-]","[44683-]"
0.49978,51.29719,"W","[37221]"
0.49944,51.29761,"E","[37222]"
0.51772,51.29911,"E, runde Blitzer (?)","[37224-]"
0.21792,51.41175,"[51183-]","[51183-]"
-1.80731,52.35828,"[64528-]","[64528-]"
-1.25019,53.03544,"[54190-]","[54190-]"
-0.41194,51.75114,"[64553-]","[64553-]"
-1.29883,52.93169,"[54182-]","[54182-]"
-0.52278,51.38681,"S","[37782-]"
-1.29803,53.08319,"[54184-]","[54184-]"
-3.01842,51.59592,"[54177-]","[54177-]"
-3.01197,51.59792,"[54178-]","[54178-]"
20.25889,39.51528,"[32273-]","[32273-]"
22.90278,38.75339,"[15246-]","[15246-]"
22.83625,38.77433,"[15247-]","[15247-]"
22.46061,38.86450,"[15248-]","[15248-]"
22.48006,38.83461,"[15249-]","[15249-]"
22.52606,38.79639,"[15251-]","[15251-]"
22.67683,38.79378,"[15252-]","[15252-]"
22.54639,38.79864,"[15255-]","[15255-]"
22.22889,40.47167,"[15257-]","[15257-]"
20.81361,39.58639,"[32272-]","[32272-]"
23.26361,40.26197,"[15259-]","[15259-]"
21.36653,38.66378,"[15260-]","[15260-]"
24.87650,41.11981,"[15262-]","[15262-]"
21.77528,38.24333,"[20845-]","[20845-]"
25.93528,40.85611,"[20842-]","[20842-]"
24.90039,41.12858,"[15267-]","[15267-]"
21.27917,37.90694,"[20841-]","[20841-]"
25.82833,40.85222,"[20840-]","[20840-]"
21.27083,37.93972,"[20839-]","[20839-]"
22.14861,40.78278,"[20838-]","[20838-]"
22.31750,40.54167,"[20837-]","[20837-]"
23.77528,40.76833,"[20836-]","[20836-]"
21.91722,40.78222,"[20835-]","[20835-]"
24.52972,40.96778,"[20833-]","[20833-]"
24.50756,40.96339,"[15277-]","[15277-]"
24.51825,40.96169,"[15278-]","[15278-]"
23.36539,40.14261,"[15279-]","[15279-]"
23.34789,40.17050,"[15280-]","[15280-]"
23.32239,40.20911,"[15281-]","[15281-]"
21.31889,37.77944,"[15282-]","[15282-]"
22.84856,38.49511,"[15283-]","[15283-]"
23.51808,41.09019,"[15284-]","[15284-]"
21.70189,39.51231,"[15285-]","[15285-]"
21.69861,39.51039,"[15286-]","[15286-]"
21.68461,39.49531,"[15287-]","[15287-]"
21.35417,38.01889,"[20832-]","[20832-]"
22.20611,40.44944,"[20830-]","[20830-]"
23.74167,40.75917,"[20831-]","[20831-]"
23.33575,40.26578,"[27920-]","[27920-]"
20.56308,39.35972,"[27921-]","[27921-]"
22.44961,40.61286,"[27922-]","[27922-]"
25.18353,35.32231,"[27923-]","[27923-]"
23.41472,38.16611,"[27924-]","[27924-]"
20.81606,39.69739,"[27925-]","[27925-]"
20.81444,39.69919,"[27926-]","[27926-]"
22.81889,38.76897,"[27927-]","[27927-]"
25.74064,35.12539,"[27928-]","[27928-]"
23.63572,38.31300,"[27929-]","[27929-]"
23.51233,38.05636,"[27930-]","[27930-]"
21.23364,40.49558,"[27931-]","[27931-]"
23.65831,38.30036,"[27932-]","[27932-]"
21.79700,38.37944,"[27933-]","[27933-]"
22.43053,38.67694,"[27934-]","[27934-]"
23.67647,38.07950,"[27935-]","[27935-]"
21.55450,38.37672,"[27936-]","[27936-]"
21.47103,38.37919,"[27937-]","[27937-]"
21.55692,38.37714,"[27938-]","[27938-]"
21.62856,38.37603,"[27939-]","[27939-]"
21.79522,38.37881,"[27942-]","[27942-]"
21.45728,38.38111,"[27943-]","[27943-]"
23.68575,40.69511,"[27944-]","[27944-]"
23.72050,40.74022,"[27945-]","[27945-]"
22.82217,40.65164,"[27946-]","[27946-]"
22.84464,40.65356,"[27947-]","[27947-]"
22.71783,40.71228,"[27948-]","[27948-]"
22.71842,40.70708,"[27949-]","[27949-]"
25.40361,35.29681,"[27951-]","[27951-]"
21.37922,38.51308,"[27955-]","[27955-]"
21.36028,38.46650,"[27956-]","[27956-]"
22.96642,40.66364,"[27957-]","[27957-]"
22.99892,40.60433,"[27958-]","[27958-]"
22.97053,40.63825,"[27959-]","[27959-]"
22.49858,40.57458,"[27960-]","[27960-]"
22.37481,40.56636,"[27961-]","[27961-]"
22.36528,40.56236,"Rtg. Thessaloniki","[27962-]"
22.27233,40.52400,"[27963-]","[27963-]"
22.73406,40.60992,"[27964-]","[27964-]"
21.42375,38.57325,"[27965-]","[27965-]"
21.41692,38.59911,"[27966-]","[27966-]"
23.01522,40.43575,"[27967-]","[27967-]"
23.00892,40.51378,"[27968-]","[27968-]"
22.99794,40.46364,"[27969-]","[27969-]"
21.97769,38.93186,"[27970-]","[27970-]"
22.22850,38.93436,"[27971-]","[27971-]"
22.25864,38.92892,"[27972-]","[27972-]"
22.30042,38.91717,"[27973-]","[27973-]"
22.33803,38.90894,"[27974-]","[27974-]"
22.31286,38.91542,"[27975-]","[27975-]"
22.26289,38.92800,"[27976-]","[27976-]"
22.15864,38.94736,"[27977-]","[27977-]"
21.98336,38.93186,"[27978-]","[27978-]"
21.89294,40.27550,"[27979-]","[27979-]"
25.53014,41.01628,"[27980-]","[27980-]"
25.40175,41.09508,"[27981-]","[27981-]"
24.83161,41.08139,"[27982-]","[27982-]"
24.81683,41.07708,"[27983-]","[27983-]"
24.76883,41.08711,"[27984-]","[27984-]"
21.73189,39.59878,"[27985-]","[27985-]"
21.68489,39.65003,"[27986-]","[27986-]"
21.64272,39.69339,"[27987-]","[27987-]"
23.41483,40.65436,"[27988-]","[27988-]"
23.71608,40.73528,"[27989-]","[27989-]"
22.42806,38.67014,"[27990-]","[27990-]"
22.45156,38.70286,"[27991-]","[27991-]"
22.98825,40.56628,"[27992-]","[27992-]"
21.88225,40.36997,"O","[27993-]"
22.52233,40.55417,"[27994-]","[27994-]"
21.75706,39.57053,"[27995-]","[27995-]"
23.95536,37.82886,"[27996-]","[27996-]"
24.28511,40.82947,"[27997-]","[27997-]"
24.28058,40.81047,"[27998-]","[27998-]"
24.30544,40.88050,"[27999-]","[27999-]"
23.96397,40.75322,"[28000-]","[28000-]"
23.90656,40.76739,"[28001-]","[28001-]"
23.90189,40.76953,"[28002-]","[28002-]"
24.30394,40.84553,"[28003-]","[28003-]"
24.20014,40.77372,"[28004-]","[28004-]"
24.26653,40.80244,"[28005-]","[28005-]"
22.65753,40.89108,"[28006-]","[28006-]"
22.61164,40.97728,"[28007-]","[28007-]"
21.20742,38.71561,"[28008-]","[28008-]"
21.18119,38.80372,"[28009-]","[28009-]"
21.17672,38.94200,"[28010-]","[28010-]"
21.17594,38.95106,"[28011-]","[28011-]"
21.06811,39.10067,"[28012-]","[28012-]"
20.88472,39.36742,"[28013-]","[28013-]"
21.29583,40.45575,"[28014-]","[28014-]"
23.71775,38.01158,"[28015-]","[28015-]"
24.79553,41.07617,"[28016-]","[28016-]"
21.78167,40.33725,"[28017-]","[28017-]"
21.61289,40.24839,"[28018-]","[28018-]"
20.86211,39.59975,"[28019-]","[28019-]"
20.82783,39.68903,"[28020-]","[28020-]"
20.79411,39.71381,"[28021-]","[28021-]"
20.62589,39.88514,"[28022-]","[28022-]"
20.61994,39.88975,"[28023-]","[28023-]"
20.84400,39.69050,"[28024-]","[28024-]"
22.08464,40.37361,"Rtg. Thessaloniki","[28025-]"
21.75083,39.57139,"[28026-]","[28026-]"
21.82622,39.51283,"[28027-]","[28027-]"
21.57303,39.91275,"[28028-]","[28028-]"
21.57264,39.91761,"[28029-]","[28029-]"
22.07139,37.04933,"[28032-]","[28032-]"
22.01228,37.24172,"[28033-]","[28033-]"
22.13356,37.35911,"[28034-]","[28034-]"
22.14639,37.38886,"[28035-]","[28035-]"
22.16242,37.40256,"[28036-]","[28036-]"
22.38169,37.49003,"[28037-]","[28037-]"
22.40911,37.45756,"[28038-]","[28038-]"
21.11064,39.04678,"[28039-]","[28039-]"
22.39689,37.54925,"[28040-]","[28040-]"
22.40050,37.55442,"[28041-]","[28041-]"
22.35186,37.61219,"[28042-]","[28042-]"
22.29628,37.67458,"[28043-]","[28043-]"
24.15772,41.14486,"[28044-]","[28044-]"
21.42533,38.39450,"[28045-]","[28045-]"
20.90114,38.91961,"[28046-]","[28046-]"
20.88536,38.90858,"[28047-]","[28047-]"
22.46753,37.65506,"[28048-]","[28048-]"
22.46883,37.65653,"[28049-]","[28049-]"
22.48028,37.66572,"[28050-]","[28050-]"
20.95944,39.65306,"[28051-]","[28051-]"
21.27883,37.90494,"[28052-]","[28052-]"
21.30997,37.79514,"[28053-]","[28053-]"
21.36767,37.72083,"[28054-]","[28054-]"
21.47547,37.67028,"[28055-]","[28055-]"
21.49656,37.66897,"[28056-]","[28056-]"
22.22822,37.72567,"[28057-]","[28057-]"
22.24225,37.72536,"[28058-]","[28058-]"
24.36433,35.35294,"[28059-]","[28059-]"
24.15083,35.46375,"[28064-]","[28064-]"
21.70250,37.29381,"[28067-]","[28067-]"
21.40644,38.08419,"[28068-]","[28068-]"
25.36886,35.30478,"[28069-]","[28069-]"
25.24689,35.32914,"[28070-]","[28070-]"
25.45414,35.28592,"[28071-]","[28071-]"
25.18342,35.32231,"[28072-]","[28072-]"
20.96261,39.15442,"[28075-]","[28075-]"
26.25808,41.02036,"[28076-]","[28076-]"
26.15694,40.88675,"[28077-]","[28077-]"
26.25775,41.02944,"[28078-]","[28078-]"
21.51286,38.11669,"[28079-]","[28079-]"
21.35944,38.02100,"[28080-]","[28080-]"
21.35303,38.01850,"[28081-]","[28081-]"
21.32136,37.98153,"[28082-]","[28082-]"
21.27089,37.94039,"[28083-]","[28083-]"
21.26597,37.85819,"[28084-]","[28084-]"
25.09250,35.30297,"[28085-]","[28085-]"
20.86100,39.60878,"[28086-]","[28086-]"
20.78917,38.91425,"[28088-]","[28088-]"
20.79003,39.71714,"[28089-]","[28089-]"
22.51242,36.80278,"[28090-]","[28090-]"
22.51933,36.78589,"[28091-]","[28091-]"
22.43558,37.05058,"[28092-]","[28092-]"
22.47894,36.98044,"[28093-]","[28093-]"
22.45672,36.99775,"[28094-]","[28094-]"
22.52067,36.88858,"[28095-]","[28095-]"
21.82572,40.31533,"[28096-]","[28096-]"
21.11164,39.75967,"[28097-]","[28097-]"
22.39983,38.53047,"[28098-]","[28098-]"
22.41464,38.49225,"[28099-]","[28099-]"
22.41722,38.48969,"[28100-]","[28100-]"
22.43372,38.47819,"[28101-]","[28101-]"
20.28117,39.54181,"[28102-]","[28102-]"
26.29808,41.15467,"[28103-]","[28103-]"
26.52306,41.39594,"[28104-]","[28104-]"
26.53603,41.40656,"[28105-]","[28105-]"
24.04619,37.74247,"[28106-]","[28106-]"
21.40114,40.37236,"[28107-]","[28107-]"
22.31644,39.07611,"[28115-]","[28115-]"
21.89925,39.39619,"[28116-]","[28116-]"
25.64650,35.23928,"[28117-]","[28117-]"
25.46928,35.28611,"[28118-]","[28118-]"
25.54483,35.28367,"[28119-]","[28119-]"
25.80775,35.10875,"[28120-]","[28120-]"
25.51014,35.29103,"[28121-]","[28121-]"
25.57064,35.26839,"[28122-]","[28122-]"
22.25858,40.55850,"[28123-]","[28123-]"
22.24561,40.55014,"[28124-]","[28124-]"
22.23553,40.54608,"[28125-]","[28125-]"
22.26206,40.56144,"[28126-]","[28126-]"
23.54578,38.04914,"[28127-]","[28127-]"
24.68119,41.00964,"[28128-]","[28128-]"
22.84703,39.38464,"[28129-]","[28129-]"
22.84203,39.38408,"[28130-]","[28130-]"
24.19489,41.13267,"[28131-]","[28131-]"
24.23772,41.07725,"[28132-]","[28132-]"
24.24661,41.06489,"[28133-]","[28133-]"
24.19964,41.12625,"[28134-]","[28134-]"
23.42133,38.16433,"[28138-]","[28138-]"
23.85347,37.97242,"[28139-]","[28139-]"
20.88350,39.37025,"[28141-]","[28141-]"
21.91539,39.38408,"[28142-]","[28142-]"
21.93611,39.38067,"[28143-]","[28143-]"
21.82056,39.51636,"[28144-]","[28144-]"
22.37847,38.98650,"[28145-]","[28145-]"
22.28417,39.22231,"[28146-]","[28146-]"
22.31089,39.11850,"[28147-]","[28147-]"
22.36753,39.02775,"[28148-]","[28148-]"
22.37372,39.02253,"[28149-]","[28149-]"
22.41319,38.93553,"[28150-]","[28150-]"
22.14842,39.29789,"[28151-]","[28151-]"
22.19506,39.28328,"[28152-]","[28152-]"
21.89378,39.40403,"[28153-]","[28153-]"
21.86983,39.43625,"[28154-]","[28154-]"
21.86492,39.44214,"[28155-]","[28155-]"
20.83719,39.68497,"[28156-]","[28156-]"
21.30286,40.47664,"[28157-]","[28157-]"
21.31783,40.46367,"[28158-]","[28158-]"
21.33308,40.45253,"[28159-]","[28159-]"
21.02878,39.13806,"[28160-]","[28160-]"
22.46317,38.71814,"[28161-]","[28161-]"
22.44683,38.76225,"[28162-]","[28162-]"
22.43564,38.45408,"[28163-]","[28163-]"
20.62289,39.89617,"[28164-]","[28164-]"
21.42778,40.07833,"[32271-]","[32271-]"
23.25056,40.25167,"[32270-]","[32270-]"
22.90972,39.37258,"[28168-]","[28168-]"
22.61653,39.90131,"[28169-]","[28169-]"
22.51242,39.83028,"[28170-]","[28170-]"
22.62711,39.91194,"[28171-]","[28171-]"
22.50569,39.81067,"[28172-]","[28172-]"
22.53558,39.86178,"[28173-]","[28173-]"
22.43478,39.63300,"[28174-]","[28174-]"
20.93333,39.16311,"[28175-]","[28175-]"
22.48742,39.69875,"[28176-]","[28176-]"
22.48581,39.58608,"[28177-]","[28177-]"
22.61064,39.89697,"[28178-]","[28178-]"
22.48333,39.58258,"[28179-]","[28179-]"
25.78158,35.11542,"[28180-]","[28180-]"
25.81650,35.10333,"[28181-]","[28181-]"
20.27444,39.53861,"[32274-]","[32274-]"
22.40889,40.61889,"[32275-]","[32275-]"
26.48444,41.32028,"[32276-]","[32276-]"
114.23589,22.27989,"[35214-]","[35214-]"
114.23586,22.28019,"[35215-]","[35215-]"
114.23508,22.28133,"[35216-]","[35216-]"
114.22225,22.28347,"[35217-]","[35217-]"
114.21753,22.28922,"[35218-]","[35218-]"
114.21639,22.28947,"[35219-]","[35219-]"
114.21367,22.41828,"[35220-]","[35220-]"
114.21367,22.29019,"[35221-]","[35221-]"
114.21233,22.41086,"[35222-]","[35222-]"
114.21042,22.42472,"[35223-]","[35223-]"
114.20908,22.42542,"[35224-]","[35224-]"
114.20778,22.40511,"[35225-]","[35225-]"
114.20764,22.42631,"[35226-]","[35226-]"
114.20739,22.41411,"[35227-]","[35227-]"
114.20722,22.42667,"[35228-]","[35228-]"
114.20050,22.38061,"[35230-]","[35230-]"
114.19550,22.37436,"[35231-]","[35231-]"
114.19242,22.38811,"[35232-]","[35232-]"
114.18775,22.46233,"[35233-]","[35233-]"
114.18767,22.38231,"[35234-]","[35234-]"
114.18639,22.43961,"[35235-]","[35235-]"
114.18592,22.46219,"[35236-]","[35236-]"
114.18397,22.44086,"[35237-]","[35237-]"
114.18392,22.36550,"[35238-]","[35238-]"
114.18375,22.46033,"[35239-]","[35239-]"
114.18303,22.44158,"[35240-]","[35240-]"
114.16986,22.36719,"[35241-]","[35241-]"
114.16953,22.27961,"[35242-]","[35242-]"
114.16342,22.43933,"[35243-]","[35243-]"
114.16328,22.43944,"[35244-]","[35244-]"
114.16172,22.43983,"[35245-]","[35245-]"
114.16161,22.36047,"[35246-]","[35246-]"
114.15472,22.24744,"[35247-]","[35247-]"
114.15386,22.44986,"[35248-]","[35248-]"
114.15383,22.47908,"[35249-]","[35249-]"
114.15381,22.44967,"[35250-]","[35250-]"
114.15375,22.47917,"[35251-]","[35251-]"
114.15369,22.48106,"[35252-]","[35252-]"
114.15364,22.48019,"[35253-]","[35253-]"
114.15353,22.45058,"[35254-]","[35254-]"
114.15328,22.47086,"[35255-]","[35255-]"
114.15314,22.47122,"[35256-]","[35256-]"
114.15297,22.47006,"[35257-]","[35257-]"
114.15286,22.46958,"[35258-]","[35258-]"
114.15197,22.24817,"[35259-]","[35259-]"
114.15183,22.46678,"[35260-]","[35260-]"
114.15128,22.46647,"[35261-]","[35261-]"
114.15006,22.46514,"[35263-]","[35263-]"
114.14992,22.46511,"[35264-]","[35264-]"
114.14236,22.29000,"[35265-]","[35265-]"
114.13997,22.49033,"[35266-]","[35266-]"
114.13950,22.49086,"[35267-]","[35267-]"
114.13942,22.33294,"[35268-]","[35268-]"
114.13739,22.49256,"[35269-]","[35269-]"
114.13736,22.25669,"[35270-]","[35270-]"
114.13733,22.25692,"[35271-]","[35271-]"
114.13669,22.49333,"[35272-]","[35272-]"
114.13653,22.49325,"[35273-]","[35273-]"
114.13625,22.49367,"[35274-]","[35274-]"
114.13078,22.34086,"[35275-]","[35275-]"
114.11206,22.37517,"[35276-]","[35276-]"
114.11183,22.50242,"[35277-]","[35277-]"
114.11158,22.50247,"[35278-]","[35278-]"
114.11150,22.50261,"[35279-]","[35279-]"
114.10856,22.50292,"[35280-]","[35280-]"
114.10786,22.50286,"[35281-]","[35281-]"
114.10103,22.37344,"[35282-]","[35282-]"
114.09992,22.50347,"[35283-]","[35283-]"
114.09981,22.50347,"[35284-]","[35284-]"
114.09978,22.37297,"[35285-]","[35285-]"
114.09914,22.50361,"[35286-]","[35286-]"
114.09839,22.50353,"[35287-]","[35287-]"
114.08661,22.36939,"[35288-]","[35288-]"
114.07850,22.37144,"[35289-]","[35289-]"
114.07761,22.37139,"[35290-]","[35290-]"
114.07656,22.37144,"[35291-]","[35291-]"
114.07622,22.49567,"[35292-]","[35292-]"
114.07397,22.37117,"[35293-]","[35293-]"
114.07264,22.36903,"[35294-]","[35294-]"
114.07247,22.36892,"[35295-]","[35295-]"
114.06533,22.36683,"[35296-]","[35296-]"
114.06428,22.36764,"[35297-]","[35297-]"
114.05833,22.48139,"[35298-]","[35298-]"
114.05831,22.48208,"[35299-]","[35299-]"
114.05831,22.48136,"[35300-]","[35300-]"
114.05828,22.48056,"[35301-]","[35301-]"
114.05617,22.36703,"[35302-]","[35302-]"
114.05389,22.46486,"[35303-]","[35303-]"
114.05353,22.46381,"[35304-]","[35304-]"
114.05317,22.36650,"[35305-]","[35305-]"
114.05275,22.46017,"[35306-]","[35306-]"
114.03806,22.36169,"[35307-]","[35307-]"
114.02942,22.35614,"[35308-]","[35308-]"
114.02808,22.35600,"[35309-]","[35309-]"
114.01697,22.32497,"[35310-]","[35310-]"
114.00367,22.32139,"[35311-]","[35311-]"
113.99944,22.37067,"[35312-]","[35312-]"
113.99844,22.37219,"[35313-]","[35313-]"
113.99750,22.31647,"[35314-]","[35314-]"
113.99128,22.31081,"[35315-]","[35315-]"
113.98353,22.38039,"[35316-]","[35316-]"
113.98336,22.30611,"[35317-]","[35317-]"
113.98208,22.38156,"[35318-]","[35318-]"
113.97833,22.40708,"[35319-]","[35319-]"
113.97794,22.39008,"[35320-]","[35320-]"
113.97747,22.39178,"[35321-]","[35321-]"
113.97711,22.40117,"[35322-]","[35322-]"
113.97681,22.39953,"[35323-]","[35323-]"
113.96697,22.29847,"[35324-]","[35324-]"
113.95325,22.29269,"[35325-]","[35325-]"
20.26944,46.88142,"[28761-]","[28761-]"
20.26561,46.85861,"[28833-]","[28833-]"
18.97711,46.17669,"[28849-]","[28849-]"
17.03372,47.24903,"[49825-]","[49825-]"
34.93036,32.50919,"[65244-]","[65244-]"
34.90811,32.42650,"[65245-]","[65245-]"
17.10842,39.32211,"[53462-]","[53462-]"
24.22258,56.95358,"[64683-]","[64683-]"
23.91922,56.95525,"[64684-]","[64684-]"
23.61103,56.95106,"[64685-]","[64685-]"
24.01122,56.93328,"[64686-]","[64686-]"
24.31578,56.92964,"[64687-]","[64687-]"
24.20525,57.01992,"[64688-]","[64688-]"
24.19383,56.95978,"[64689-]","[64689-]"
24.01125,56.96325,"[64690-]","[64690-]"
24.35936,56.94736,"[64691-]","[64691-]"
24.28594,56.99306,"[64692-]","[64692-]"
24.00022,56.94764,"[64693-]","[64693-]"
24.19058,56.97372,"[64694-]","[64694-]"
24.03589,56.89792,"[64695-]","[64695-]"
23.61933,56.96050,"[64696-]","[64696-]"
24.02222,56.96136,"[64697-]","[64697-]"
24.09653,56.93433,"[64698-]","[64698-]"
24.19736,56.94983,"[64699-]","[64699-]"
24.11517,57.03669,"[64700-]","[64700-]"
24.10656,56.96758,"[64701-]","[64701-]"
24.23214,56.94331,"[64702-]","[64702-]"
24.33617,56.85139,"[64703-]","[64703-]"
24.08722,56.91372,"[64704-]","[64704-]"
24.23019,56.82719,"[64705-]","[64705-]"
23.78028,56.97158,"[64706-]","[64706-]"
23.80650,56.97158,"[64707-]","[64707-]"
24.00664,56.96650,"[64708-]","[64708-]"
23.91700,56.95539,"[64709-]","[64709-]"
23.76947,56.95306,"[64710-]","[64710-]"
24.25839,56.81289,"[64711-]","[64711-]"
24.22150,56.90292,"[64712-]","[64712-]"
24.09511,56.90928,"[64713-]","[64713-]"
24.00325,56.94953,"[64714-]","[64714-]"
24.14714,56.94083,"[64715-]","[64715-]"
24.12314,56.93894,"[64716-]","[64716-]"
24.01814,56.93769,"[64717-]","[64717-]"
24.30014,56.77961,"[64718-]","[64718-]"
24.17067,56.94072,"[64719-]","[64719-]"
23.81850,56.97806,"[64720-]","[64720-]"
24.03961,56.93289,"[64721-]","[64721-]"
24.16383,56.91958,"[64722-]","[64722-]"
23.98600,56.95350,"[64723-]","[64723-]"
24.16697,56.94422,"[64724-]","[64724-]"
24.06028,57.01728,"[64725-]","[64725-]"
24.23975,56.98389,"[64726-]","[64726-]"
24.11961,56.93253,"[64727-]","[64727-]"
24.35047,56.84822,"[64728-]","[64728-]"
23.73639,56.96319,"[64729-]","[64729-]"
24.03606,57.04169,"[64730-]","[64730-]"
23.75044,56.96578,"[64731-]","[64731-]"
24.07711,56.89764,"[64732-]","[64732-]"
24.22489,56.81083,"[64733-]","[64733-]"
24.33622,57.01886,"[64734-]","[64734-]"
24.09789,56.96950,"[64735-]","[64735-]"
24.02428,56.93842,"[64736-]","[64736-]"
24.36242,56.84664,"[64737-]","[64737-]"
24.21175,56.96447,"[64738-]","[64738-]"
24.18742,56.96544,"[64739-]","[64739-]"
24.16433,56.99264,"[64740-]","[64740-]"
24.42339,57.04242,"[64741-]","[64741-]"
23.69192,56.92969,"[64742-]","[64742-]"
24.02275,56.92800,"[64743-]","[64743-]"
24.18408,56.98469,"[64744-]","[64744-]"
24.15378,56.91389,"[64745-]","[64745-]"
23.89556,56.75244,"[64746-]","[64746-]"
24.02936,56.96953,"[64747-]","[64747-]"
23.98258,56.95347,"[64748-]","[64748-]"
24.20175,56.94711,"[64749-]","[64749-]"
24.03928,56.93747,"[64750-]","[64750-]"
23.67656,56.95842,"[64751-]","[64751-]"
24.11231,56.91925,"[64752-]","[64752-]"
24.01950,56.96725,"[64753-]","[64753-]"
24.20100,56.90917,"[64754-]","[64754-]"
23.78603,56.97250,"[64755-]","[64755-]"
23.81128,56.97239,"[64756-]","[64756-]"
24.03172,57.04175,"[64757-]","[64757-]"
24.39011,56.90531,"[64758-]","[64758-]"
24.06972,56.95883,"[64759-]","[64759-]"
24.05450,56.96686,"[64760-]","[64760-]"
23.97883,56.79928,"[64761-]","[64761-]"
24.33183,56.85269,"[64762-]","[64762-]"
24.18417,56.86933,"[64763-]","[64763-]"
24.21672,56.98644,"[64764-]","[64764-]"
24.35694,56.91494,"[64765-]","[64765-]"
24.08375,56.95228,"[64766-]","[64766-]"
24.30386,56.98744,"[64767-]","[64767-]"
24.20514,56.94283,"[64768-]","[64768-]"
23.61606,56.94644,"[64769-]","[64769-]"
24.21403,56.94542,"[64770-]","[64770-]"
24.17525,56.88683,"[64771-]","[64771-]"
24.20736,57.10292,"[64772-]","[64772-]"
24.31728,57.04744,"[64773-]","[64773-]"
24.23686,56.98431,"[64774-]","[64774-]"
24.09850,57.03053,"[64775-]","[64775-]"
24.15992,56.92603,"[64776-]","[64776-]"
24.14708,56.99964,"[64777-]","[64777-]"
23.99894,56.94089,"[64778-]","[64778-]"
23.94308,56.88581,"[64779-]","[64779-]"
24.33561,56.85122,"[64780-]","[64780-]"
24.09947,57.03528,"[64781-]","[64781-]"
24.15350,56.96925,"[64782-]","[64782-]"
23.63972,56.94703,"[64783-]","[64783-]"
24.24486,56.97408,"[64784-]","[64784-]"
23.98125,56.80022,"[64785-]","[64785-]"
24.15564,56.96475,"[64786-]","[64786-]"
23.93333,56.78281,"[64787-]","[64787-]"
24.11292,56.92825,"[64788-]","[64788-]"
24.21539,56.95294,"[64789-]","[64789-]"
24.08003,56.97786,"[64790-]","[64790-]"
24.05286,56.95533,"[64791-]","[64791-]"
24.25269,56.98164,"[64792-]","[64792-]"
24.22778,56.97203,"[64793-]","[64793-]"
23.99764,56.95714,"[64794-]","[64794-]"
24.25903,56.87639,"[64795-]","[64795-]"
23.94325,56.78764,"[64796-]","[64796-]"
24.05839,56.91964,"[64797-]","[64797-]"
24.15547,56.96478,"[64798-]","[64798-]"
24.05147,56.97158,"[64799-]","[64799-]"
24.00864,56.95492,"[64800-]","[64800-]"
24.03081,56.96278,"[64801-]","[64801-]"
24.13264,57.01958,"[64802-]","[64802-]"
24.31553,57.04067,"[64803-]","[64803-]"
24.23075,56.88858,"[64804-]","[64804-]"
24.12956,56.99033,"[64805-]","[64805-]"
24.12433,56.91236,"[64806-]","[64806-]"
24.01722,57.01867,"[64807-]","[64807-]"
24.13081,57.00153,"[64808-]","[64808-]"
24.04544,56.91883,"[64809-]","[64809-]"
24.01639,56.92925,"[64810-]","[64810-]"
24.42361,57.04222,"[64811-]","[64811-]"
23.76042,56.96692,"[64812-]","[64812-]"
24.10647,56.93272,"[64813-]","[64813-]"
23.61072,56.95547,"[64814-]","[64814-]"
24.24339,56.94839,"[64815-]","[64815-]"
24.03122,56.96289,"[64816-]","[64816-]"
24.12239,57.00828,"[64817-]","[64817-]"
24.21528,56.93933,"[64819-]","[64819-]"
24.11667,56.97764,"[64820-]","[64820-]"
24.04831,56.93706,"[64821-]","[64821-]"
24.09508,56.95106,"[64822-]","[64822-]"
24.16436,56.81128,"[64823-]","[64823-]"
23.97689,56.95369,"[64824-]","[64824-]"
24.28917,57.12742,"[64825-]","[64825-]"
24.37486,57.03172,"[64826-]","[64826-]"
23.60847,56.96275,"[64827-]","[64827-]"
24.00858,56.93678,"[64828-]","[64828-]"
24.12139,56.87575,"[64829-]","[64829-]"
23.75889,56.96581,"[64830-]","[64830-]"
24.04958,56.83983,"[64831-]","[64831-]"
23.67314,56.95817,"[64832-]","[64832-]"
24.10922,56.97150,"[64833-]","[64833-]"
24.09717,56.95631,"[64834-]","[64834-]"
24.14500,56.98608,"[64835-]","[64835-]"
24.17628,56.87814,"[64836-]","[64836-]"
24.16242,56.98089,"[64837-]","[64837-]"
-5.84331,35.74481,"[53510-]","[53510-]"
-6.83972,34.00917,"Testanlage","[27032-]"
-6.86028,33.97778,"Testanlage","[28661-]"
-6.84611,34.01056,"Testanlage","[28659-]"
-6.85972,33.97861,"Testanlage","[28660-]"
-5.89500,35.72450,"[53509-]","[53509-]"
10.27236,60.04450,"Richtung Sundvollen","[54301-]"
23.42561,50.41994,"Höhe Motel 'Arkadia' in Rtg. Belzec","[15479-]"
16.41436,50.62442,"[18194-]","[18194-]"
20.64344,50.88700,"N","[18203]"
18.81100,53.52194,"SW","[18209-]"
19.40906,53.27417,"[18214-]","[18214-]"
18.63450,52.17967,"[18225-]","[18225-]"
18.39178,50.17014,"[18249-]","[18249-]"
18.11233,52.75442,"[18252-]","[18252-]"
17.27675,51.51442,"[18269-]","[18269-]"
17.35542,51.62903,"[18270-]","[18270-]"
22.50264,51.55897,"[18271-]","[18271-]"
22.45692,51.61664,"[18272-]","[18272-]"
20.73908,49.62233,"[18280-]","[18280-]"
23.19275,52.77092,"[18288-]","[18288-]"
23.04000,52.65056,"[18293-]","[18293-]"
23.19431,52.80858,"[18294-]","[18294-]"
20.39461,53.99089,"bs","[18320-]"
19.02925,50.26314,"im Tunnel","[23982]"
18.53217,53.97592,"[18332-]","[18332-]"
22.84522,52.74767,"[18349-]","[18349-]"
18.10000,54.18550,"[18350-]","[18350-]"
23.34747,51.16797,"[18355-]","[18355-]"
19.35056,53.60250,"[18374-]","[18374-]"
20.46544,52.02750,"[24089-]","[24089-]"
16.46719,54.44797,"[29342-]","[29342-]"
20.13544,53.79303,"[29351-]","[29351-]"
19.85219,49.57606,"[19629-]","[19629-]"
16.66947,50.17808,"[19637-]","[19637-]"
15.43239,52.41906,"O","[19640]"
20.90489,53.01089,"Rtg. Mazo Mazowiecki,vor Sierakowo","[19641]"
18.25764,54.26192,"[19659-]","[19659-]"
21.89053,50.64747,"[19660-]","[19660-]"
17.82511,51.58817,"[19664-]","[19664-]"
18.88278,49.74139,"[19705-]","[19705-]"
16.75119,52.42169,"[29282-]","[29282-]"
23.36297,50.71683,"[21365-]","[21365-]"
21.17467,51.11953,"[21366-]","[21366-]"
21.81453,52.20950,"[21370-]","[21370-]"
21.53483,51.59450,"[21380-]","[21380-]"
20.10617,50.67967,"[21409-]","[21409-]"
23.43250,51.14761,"[21434-]","[21434-]"
21.13808,51.94806,"[21439-]","[21439-]"
21.44206,51.47167,"[21476-]","[21476-]"
20.62472,51.35944,"O","[21485]"
22.06417,50.63694,"[21498-]","[21498-]"
18.54719,51.63144,"NW","[21504]"
21.63047,52.43469,"[21508-]","[21508-]"
23.10492,53.57403,"N","[21510-]"
16.64733,52.42681,"[29313-]","[29313-]"
19.50319,51.08914,"[22391-]","[22391-]"
20.94414,51.64317,"[23369-]","[23369-]"
17.56403,50.32047,"[22438-]","[22438-]"
23.93950,50.82175,"[22467-]","[22467-]"
19.73589,52.60633,"Rtg. Süden","[23373]"
17.45714,50.84556,"[23376-]","[23376-]"
18.28222,53.92164,"bs","[23379-]"
17.47903,51.99847,"[23384-]","[23384-]"
20.77247,50.39856,"[23387-]","[23387-]"
15.83817,50.90714,"[23398-]","[23398-]"
19.64806,50.57028,"mobil (?)","[23787-]"
21.87492,53.48953,"[23404-]","[23404-]"
18.94931,49.63781,"[23417-]","[23417-]"
20.86242,50.59950,"[23478-]","[23478-]"
20.86786,50.59844,"[23479-]","[23479-]"
24.04333,50.84400,"[24735-]","[24735-]"
22.05831,53.73361,"[26078-]","[26078-]"
13.42913,54.67696,"[31313-]@30","[31313-]"
21.92925,49.76158,"[26084-]","[26084-]"
19.55528,52.71500,"Attrappe (?)","[26094-]"
17.32089,52.18944,"[26096-]","[26096-]"
19.59025,52.57211,"Attrappe (?)","[26097-]"
18.51133,54.75839,"Attrappe (?)","[26108-]"
16.23869,53.56183,"[26117-]","[26117-]"
15.30472,52.67947,"[26124-]","[26124-]"
19.74553,49.95925,"[26130-]","[26130-]"
18.48111,54.35300,"[26137-]","[26137-]"
18.44806,52.17383,"[26141-]","[26141-]"
21.85014,49.67983,"[26147-]","[26147-]"
17.69997,52.87164,"[26157-]","[26157-]"
21.92483,49.74811,"[26158-]","[26158-]"
21.92500,49.74756,"[26159-]","[26159-]"
19.66814,49.96017,"[26161-]","[26161-]"
19.16703,52.41061,"[26166-]","[26166-]"
19.15642,52.36878,"[26168-]","[26168-]"
18.52453,54.19178,"[26178-]","[26178-]"
21.80775,50.21792,"[26188-]","[26188-]"
18.43611,50.18808,"[26189-]","[26189-]"
21.09275,51.36447,"Attrappe (?)","[26192-]"
18.99083,50.93094,"[26229-]","[26229-]"
17.83711,53.12236,"[26230-]","[26230-]"
15.13747,52.36956,"Attrappe (?)","[26235-]"
21.12756,51.34219,"Attrappe (?)","[26238-]"
15.59122,52.43153,"Attrappe (?)","[26242-]"
16.75292,52.22953,"Attrappe (?)","[26254-]"
16.33914,51.84044,"Attrappe (?)","[26270-]"
21.12183,51.32219,"Attrappe (?)","[26278-]"
18.04667,51.79097,"Attrappe (?)","[26298-]"
17.04694,51.28114,"[29284-]","[29284-]"
16.78392,52.42894,"[26301-]","[26301-]"
17.68750,52.81625,"[27119-]","[27119-]"
19.15767,52.36939,"[26323-]","[26323-]"
19.79633,49.97197,"[26335-]","[26335-]"
16.65222,52.46889,"[26357-]","[26357-]"
21.05592,49.91467,"[26365-]","[26365-]"
21.16533,51.79258,"Attrappe (?)","[26371-]"
22.10422,53.68261,"[26392-]","[26392-]"
17.77242,53.61508,"[26393-]","[26393-]"
15.08497,51.19589,"[26394-]","[26394-]"
20.72567,50.46044,"[27121-]","[27121-]"
20.72550,50.46281,"[27122-]","[27122-]"
16.82833,51.60300,"[27130-]","[27130-]"
20.51117,53.73953,"[27131-]","[27131-]"
19.38639,51.88367,"[27133-]","[27133-]"
16.90639,51.63586,"[27134-]","[27134-]"
20.91050,51.74567,"[29324-]","[29324-]"
16.79850,52.42767,"[29325-]","[29325-]"
20.82103,51.02056,"[29320-]","[29320-]"
18.24428,52.79297,"[29301-]","[29301-]"
16.62014,52.43942,"[29302-]","[29302-]"
19.23603,50.35339,"[29297-]","[29297-]"
16.64136,52.09767,"[29305-]","[29305-]"
16.59361,52.43878,"[29294-]","[29294-]"
16.51508,52.29028,"[29295-]","[29295-]"
16.69492,52.43803,"[29377-]","[29377-]"
14.48867,53.24189,"[29381-]","[29381-]"
22.87003,51.30428,"[29393-]","[29393-]"
21.08833,51.25233,"Attrappe (?)","[29401-]"
18.50567,49.91225,"[29407-]","[29407-]"
20.41847,53.36161,"[29408-]","[29408-]"
18.65253,54.26519,"[29410-]","[29410-]"
19.50867,49.72822,"[29415-]","[29415-]"
21.55986,51.88500,"[29419-]","[29419-]"
21.59792,51.85383,"[29420-]","[29420-]"
19.10781,52.73622,"[38181-]","[38181-]"
19.10858,52.73111,"[38182-]","[38182-]"
16.69458,50.69714,"[49926-]","[49926-]"
18.36903,54.68642,"[49935-]","[49935-]"
50.86694,24.77767,"[51534-]","[51534-]"
50.87308,24.80025,"[51535-]","[51535-]"
50.87358,24.81217,"[51536-]","[51536-]"
50.87664,24.84544,"[51537-]","[51537-]"
50.88775,24.85147,"[51538-]","[51538-]"
50.91800,24.87400,"[51539-]","[51539-]"
50.93717,24.89008,"[51540-]","[51540-]"
50.95514,24.90594,"[51541-]","[51541-]"
50.98233,24.93103,"[51542-]","[51542-]"
50.99164,24.93964,"[51543-]","[51543-]"
51.01006,24.97014,"[51544-]","[51544-]"
51.01617,24.98025,"[51545-]","[51545-]"
51.04269,25.00575,"[51546-]","[51546-]"
51.05167,25.01408,"[51547-]","[51547-]"
51.07922,25.03925,"[51548-]","[51548-]"
51.08842,25.04722,"[51549-]","[51549-]"
51.11628,25.07142,"[51550-]","[51550-]"
51.11792,25.07275,"[51551-]","[51551-]"
51.14364,25.09472,"[51552-]","[51552-]"
51.14536,25.09589,"[51553-]","[51553-]"
51.16692,25.10833,"[51554-]","[51554-]"
51.20686,25.12839,"[51555-]","[51555-]"
51.21931,25.13300,"[51556-]","[51556-]"
51.24319,25.14172,"[51557-]","[51557-]"
51.25567,25.14639,"[51558-]","[51558-]"
51.29153,25.15953,"[51559-]","[51559-]"
51.32672,25.17236,"[51560-]","[51560-]"
51.33997,25.17722,"[51561-]","[51561-]"
51.37456,25.19225,"[51562-]","[51562-]"
51.39594,25.20464,"[51563-]","[51563-]"
51.41728,25.21700,"[51564-]","[51564-]"
51.53383,25.23778,"[51565-]","[51565-]"
51.53383,25.23792,"[51566-]","[51566-]"
51.45481,25.23911,"[51567-]","[51567-]"
51.41231,25.24147,"[51568-]","[51568-]"
51.47719,25.25233,"[51569-]","[51569-]"
51.43133,25.26028,"[51570-]","[51570-]"
51.47972,25.26272,"[51571-]","[51571-]"
51.52828,25.27497,"[51572-]","[51572-]"
51.43878,25.28958,"[51573-]","[51573-]"
51.54353,25.29172,"[51574-]","[51574-]"
51.52164,25.29561,"[51575-]","[51575-]"
51.50567,25.31353,"[51576-]","[51576-]"
51.50561,25.31386,"[51577-]","[51577-]"
51.43247,25.31831,"[51578-]","[51578-]"
51.53153,25.31925,"[51579-]","[51579-]"
51.46011,25.31992,"[51580-]","[51580-]"
51.46025,25.32022,"[51581-]","[51581-]"
51.47158,25.33422,"[51582-]","[51582-]"
51.49339,25.33483,"[51583-]","[51583-]"
51.46108,25.33833,"[51584-]","[51584-]"
37.28394,55.74392,"[25004-]","[25004-]"
37.29383,55.74475,"[25005-]","[25005-]"
37.32319,55.68033,"[25008-]","[25008-]"
37.37947,55.78847,"[25012-]","[25012-]"
37.38567,55.78736,"[25016-]","[25016-]"
37.40081,55.83186,"[25027-]","[25027-]"
37.41758,55.77231,"[25031-]","[25031-]"
37.45769,55.63800,"[25036-]","[25036-]"
37.48342,55.81133,"[25043-]","[25043-]"
37.48397,55.81111,"[25045-]","[25045-]"
37.82758,55.72067,"[25115-]","[25115-]"
37.83139,55.74264,"[25120-]","[25120-]"
37.89867,55.82658,"[25136-]","[25136-]"
37.95458,55.75106,"[25145-]","[25145-]"
37.96436,55.75028,"[25147-]","[25147-]"
38.00819,55.75086,"[25149-]","[25149-]"
38.00847,55.74750,"[25151-]","[25151-]"
38.16183,54.83939,"[25165-]","[25165-]"
46.60506,24.57633,"[51586-]","[51586-]"
46.59703,24.58808,"[51587-]","[51587-]"
46.61492,24.74728,"[51588-]","[51588-]"
46.61378,24.74675,"[51589-]","[51589-]"
46.71372,24.81347,"[51590-]","[51590-]"
46.64136,24.74828,"[51591-]","[51591-]"
46.62969,24.73192,"[51592-]","[51592-]"
46.69442,24.76092,"[51593-]","[51593-]"
46.67636,24.75319,"[51594-]","[51594-]"
50.02822,26.41761,"[51595-]","[51595-]"
49.50800,25.64900,"[51596-]","[51596-]"
49.61111,25.89489,"[51597-]","[51597-]"
49.50800,25.67261,"[51598-]","[51598-]"
47.03731,24.95111,"[51599-]","[51599-]"
46.72467,24.78858,"[51600-]","[51600-]"
46.60203,24.72364,"[51601-]","[51601-]"
49.54611,25.50150,"[51602-]","[51602-]"
46.63014,24.79492,"[51603-]","[51603-]"
46.62197,24.81078,"[51604-]","[51604-]"
46.63069,24.79417,"[51605-]","[51605-]"
46.60275,24.84975,"[51606-]","[51606-]"
46.69422,24.66939,"[51607-]","[51607-]"
46.59292,24.64553,"[51608-]","[51608-]"
46.77247,24.69697,"[51616-]","[51616-]"
39.16061,21.52175,"[51617-]","[51617-]"
39.17758,21.54617,"[51618-]","[51618-]"
39.23078,21.55822,"[51619-]","[51619-]"
39.58986,24.49258,"[51620-]","[51620-]"
39.86292,21.38478,"[51621-]","[51621-]"
46.67636,24.71067,"[51622-]","[51622-]"
46.83108,24.75761,"[51623-]","[51623-]"
49.97119,26.21261,"[51624-]","[51624-]"
20.48169,44.81742,"nur Video (?)","[38065-]"
24.77161,-28.72211,"[50606-]","[50606-]"
19.04061,-34.33769,"[64005-]","[64005-]"
2.02211,41.39814,"[20744]","[20744]"
2.05431,41.37331,"KM 4.8, Rtg. Barcelona","[20745]"
2.00958,41.41747,"[64668-]","[64668-]"
2.04478,41.32422,"[4327]","[4327]"
1.99967,41.28669,"KM 47","[4325]"
2.03117,41.31122,"Rtg. NO","[4324]"
2.01825,41.29775,"KM 50","[4319]"
2.04844,41.27583,"[4300]","[4300]"
2.04006,41.27219,"[4298]","[4298]"
2.07131,41.31750,"S","[4289]"
1.98214,41.45608,"S","[17289]"
2.07069,41.37600,"Rtg. Tarragona, W","[20727]"
2.06822,41.31353,"N","[21212]"
2.09553,41.33522,"O","[21220]"
2.09064,41.33367,"SW","[23307]"
-5.36844,43.49636,"[51058-]","[51058-]"
2.08186,41.33642,">Barcelona","[65472-]"
7.61497,47.54700,"Höhe AS Gellert in Rtg. Deutschland, meist 80km/h","[8695]"
120.33736,22.61564,"[35372-]","[35372-]"
120.32817,22.68367,"[35373-]","[35373-]"
120.33478,22.74628,"[35374-]","[35374-]"
120.33892,22.61092,"[35375-]","[35375-]"
120.42408,23.57353,"[35376-]","[35376-]"
120.48542,23.85369,"[35377-]","[35377-]"
121.72528,25.10800,"[35378-]","[35378-]"
120.32472,22.77628,"[35379-]","[35379-]"
120.97461,24.74333,"[35380-]","[35380-]"
120.30408,23.32994,"[35381-]","[35381-]"
120.31892,23.34511,"[35382-]","[35382-]"
120.25011,23.02158,"[35383-]","[35383-]"
120.29739,22.84297,"[35384-]","[35384-]"
120.26789,22.90097,"[35385-]","[35385-]"
120.24922,23.01136,"[35386-]","[35386-]"
120.48514,23.83047,"[35387-]","[35387-]"
120.52244,24.03883,"[35388-]","[35388-]"
120.52253,24.04047,"[35389-]","[35389-]"
120.44983,23.65647,"[35390-]","[35390-]"
120.67264,24.21381,"[35391-]","[35391-]"
121.32461,25.05128,"[35392-]","[35392-]"
120.40508,23.52528,"[35393-]","[35393-]"
120.52353,24.05311,"[35394-]","[35394-]"
121.68092,25.08586,"[35395-]","[35395-]"
120.32831,22.70442,"[35396-]","[35396-]"
120.32936,22.58653,"[35397-]","[35397-]"
120.26961,23.27678,"[35398-]","[35398-]"
120.78786,24.46167,"[35399-]","[35399-]"
120.26992,23.27675,"[35400-]","[35400-]"
120.35411,23.38225,"[35402-]","[35402-]"
121.07942,24.88433,"[35403-]","[35403-]"
120.84197,24.55833,"[35404-]","[35404-]"
120.94886,24.72686,"[35405-]","[35405-]"
120.49789,23.92447,"[35406-]","[35406-]"
120.48678,23.85861,"[35407-]","[35407-]"
120.49781,23.91192,"[35408-]","[35408-]"
120.49775,23.90683,"[35409-]","[35409-]"
120.99058,24.76003,"[35410-]","[35410-]"
121.39944,25.05633,"[35411-]","[35411-]"
120.35522,23.39658,"[35413-]","[35413-]"
120.33367,22.75414,"[35414-]","[35414-]"
121.08233,24.88469,"[35415-]","[35415-]"
121.16756,24.91811,"[35416-]","[35416-]"
121.25911,25.00767,"[35417-]","[35417-]"
120.37792,23.47042,"[35418-]","[35418-]"
120.40850,23.53467,"[35419-]","[35419-]"
120.41264,23.54567,"[35420-]","[35420-]"
120.37636,23.46403,"[35421-]","[35421-]"
120.35553,23.39372,"[35422-]","[35422-]"
120.35486,23.39847,"[35423-]","[35423-]"
120.36833,23.44636,"[35424-]","[35424-]"
120.42772,23.57981,"[35425-]","[35425-]"
120.46733,23.75092,"[35426-]","[35426-]"
120.47042,23.77011,"[35427-]","[35427-]"
120.48550,23.82500,"[35428-]","[35428-]"
120.46286,23.67864,"[35429-]","[35429-]"
120.42136,23.56772,"[35430-]","[35430-]"
120.42808,23.58086,"[35431-]","[35431-]"
120.44069,23.62992,"[35432-]","[35432-]"
121.26425,25.01144,"[35433-]","[35433-]"
120.35550,23.20106,"[35434-]","[35434-]"
120.50544,23.57067,"[35435-]","[35435-]"
120.59869,23.69283,"[35436-]","[35436-]"
120.33822,22.97064,"[35437-]","[35437-]"
120.44644,22.76697,"[35439-]","[35439-]"
120.38592,22.84497,"[35440-]","[35440-]"
120.62914,23.77478,"[35441-]","[35441-]"
120.51125,23.58186,"[35442-]","[35442-]"
120.69858,23.77844,"[35443-]","[35443-]"
120.66917,23.94883,"[35444-]","[35444-]"
120.48625,23.52786,"[35445-]","[35445-]"
120.68936,23.77733,"[35446-]","[35446-]"
120.56719,24.10500,"[35447-]","[35447-]"
120.38708,22.76025,"[35449-]","[35449-]"
120.20069,23.08597,"[35450-]","[35450-]"
120.23078,23.08264,"[35451-]","[35451-]"
120.40453,22.77003,"[35452-]","[35452-]"
120.30772,22.68339,"[35453-]","[35453-]"
120.49600,22.84383,"[35454-]","[35454-]"
120.44614,22.79661,"[35455-]","[35455-]"
121.66247,24.98250,"[35456-]","[35456-]"
121.57061,24.97631,"[35459-]","[35459-]"
120.92247,24.74242,"[35460-]","[35460-]"
121.64753,25.00842,"[35461-]","[35461-]"
120.63325,24.30261,"[35462-]","[35462-]"
120.72078,24.51503,"[35463-]","[35463-]"
120.59317,24.23378,"[35464-]","[35464-]"
121.27908,25.02347,"[35465-]","[35465-]"
121.21567,25.05289,"[35466-]","[35466-]"
121.53689,25.07308,"[35467-]","[35467-]"
121.23294,25.03633,"[35468-]","[35468-]"
121.28969,25.03258,"[35472-]","[35472-]"
121.47117,25.07558,"[35473-]","[35473-]"
120.48422,23.84278,"[35474-]","[35474-]"
120.96883,24.73622,"[35475-]","[35475-]"
120.85286,24.57092,"[35476-]","[35476-]"
120.94622,24.72683,"[35477-]","[35477-]"
121.04622,24.87667,"[35478-]","[35478-]"
121.19492,24.94639,"[35479-]","[35479-]"
120.68311,24.47003,"[35480-]","[35480-]"
120.67883,24.44986,"[35483-]","[35483-]"
120.62833,24.33008,"[35484-]","[35484-]"
120.65944,24.35164,"[35485-]","[35485-]"
120.67953,24.42108,"[35486-]","[35486-]"
120.47725,22.75731,"[35487-]","[35487-]"
120.77831,24.59072,"[35488-]","[35488-]"
120.92622,24.74703,"[35489-]","[35489-]"
120.67825,24.45325,"[35491-]","[35491-]"
120.55839,24.10606,"[35492-]","[35492-]"
120.54344,24.11281,"[35493-]","[35493-]"
120.60208,24.29286,"[35494-]","[35494-]"
121.41889,24.97261,"[35495-]","[35495-]"
121.61892,25.05481,"[35496-]","[35496-]"
121.61222,25.05267,"[35497-]","[35497-]"
121.57378,25.05292,"[35498-]","[35498-]"
121.92464,25.05567,"[35499-]","[35499-]"
121.45425,25.03367,"[35500-]","[35500-]"
121.38411,24.96700,"[35501-]","[35501-]"
121.58017,25.05642,"[35502-]","[35502-]"
121.58153,25.05706,"[35503-]","[35503-]"
121.43544,25.00178,"[35504-]","[35504-]"
121.53303,25.04836,"[35505-]","[35505-]"
121.58667,25.04861,"[35506-]","[35506-]"
121.58464,25.04758,"[35507-]","[35507-]"
121.54697,25.04822,"[35508-]","[35508-]"
121.56558,25.04892,"[35509-]","[35509-]"
121.60500,25.05183,"[35510-]","[35510-]"
121.58442,25.05222,"[35511-]","[35511-]"
121.57397,25.04992,"[35512-]","[35512-]"
121.51372,25.05061,"[35513-]","[35513-]"
121.61667,24.99903,"[35514-]","[35514-]"
121.54419,24.95314,"[35515-]","[35515-]"
121.55831,24.95408,"[35516-]","[35516-]"
121.59764,25.06756,"[35517-]","[35517-]"
121.59031,25.07011,"[35518-]","[35518-]"
121.58986,25.07164,"[35519-]","[35519-]"
121.51878,25.07189,"[35520-]","[35520-]"
121.49658,25.00358,"[35521-]","[35521-]"
121.60458,25.07161,"[35522-]","[35522-]"
121.52789,25.06672,"[35523-]","[35523-]"
121.64033,25.06008,"[35524-]","[35524-]"
121.64242,25.06092,"[35525-]","[35525-]"
121.56597,25.05903,"[35526-]","[35526-]"
121.58642,25.05975,"[35527-]","[35527-]"
121.56025,25.06242,"[35528-]","[35528-]"
121.92664,25.06503,"[35529-]","[35529-]"
121.51847,25.06597,"[35530-]","[35530-]"
121.50881,25.06250,"[35531-]","[35531-]"
121.53683,25.06492,"[35532-]","[35532-]"
121.50800,25.03111,"[35533-]","[35533-]"
121.56839,25.03278,"[35534-]","[35534-]"
121.53381,25.03061,"[35535-]","[35535-]"
121.49683,25.03097,"[35536-]","[35536-]"
121.40100,24.97519,"[35537-]","[35537-]"
121.54192,25.03336,"[35538-]","[35538-]"
121.41306,25.01219,"[35539-]","[35539-]"
121.55086,25.03317,"[35540-]","[35540-]"
121.54883,25.03322,"[35541-]","[35541-]"
121.49642,25.03008,"[35542-]","[35542-]"
121.97269,25.02442,"[35543-]","[35543-]"
121.54875,25.02447,"[35544-]","[35544-]"
121.51222,25.02403,"[35545-]","[35545-]"
121.42561,24.98150,"[35546-]","[35546-]"
121.49222,25.02553,"[35547-]","[35547-]"
121.52333,24.97814,"[35548-]","[35548-]"
121.51236,25.02897,"[35549-]","[35549-]"
121.40681,24.97911,"[35550-]","[35550-]"
121.52711,25.02661,"[35551-]","[35551-]"
121.50053,25.04367,"[35552-]","[35552-]"
121.55533,25.04458,"[35553-]","[35553-]"
121.92639,25.04031,"[35554-]","[35554-]"
121.53017,25.04314,"[35555-]","[35555-]"
121.52331,25.04469,"[35556-]","[35556-]"
121.58367,25.04647,"[35557-]","[35557-]"
121.56322,25.04733,"[35558-]","[35558-]"
121.55686,25.04489,"[35559-]","[35559-]"
121.58072,25.04533,"[35560-]","[35560-]"
121.52889,25.03942,"[35561-]","[35561-]"
121.54372,25.03603,"[35562-]","[35562-]"
121.49161,25.03625,"[35563-]","[35563-]"
121.49406,25.03553,"[35564-]","[35564-]"
121.56836,25.03583,"[35565-]","[35565-]"
121.55128,25.03775,"[35566-]","[35566-]"
121.52742,25.03825,"[35567-]","[35567-]"
121.52175,25.03878,"[35568-]","[35568-]"
121.53497,25.03808,"[35569-]","[35569-]"
121.52550,25.03819,"[35570-]","[35570-]"
121.54897,25.04806,"[35571-]","[35571-]"
121.49139,25.13847,"[35572-]","[35572-]"
121.49708,25.12972,"[35573-]","[35573-]"
121.35669,25.13189,"[35574-]","[35574-]"
121.45972,25.14728,"[35575-]","[35575-]"
121.45444,25.15969,"[35576-]","[35576-]"
121.45244,25.16272,"[35577-]","[35577-]"
121.40725,25.15092,"[35578-]","[35578-]"
121.42919,25.15889,"[35579-]","[35579-]"
121.34517,25.12714,"[35580-]","[35580-]"
121.88631,25.12181,"[35581-]","[35581-]"
121.48603,25.12192,"[35582-]","[35582-]"
121.89369,25.11939,"[35583-]","[35583-]"
121.89547,25.11981,"[35584-]","[35584-]"
121.48797,25.12194,"[35585-]","[35585-]"
121.86331,25.12269,"[35586-]","[35586-]"
121.44619,24.98897,"[35587-]","[35587-]"
121.45931,25.15467,"[35588-]","[35588-]"
121.47461,25.12267,"[35589-]","[35589-]"
121.54211,25.28900,"[35590-]","[35590-]"
121.55089,25.29019,"[35591-]","[35591-]"
121.51564,25.27542,"[35592-]","[35592-]"
121.54419,25.28800,"[35593-]","[35593-]"
121.56339,25.29081,"[35594-]","[35594-]"
121.56831,25.29381,"[35595-]","[35595-]"
121.58150,25.29539,"[35596-]","[35596-]"
121.55400,25.29169,"[35597-]","[35597-]"
121.58400,25.29369,"[35598-]","[35598-]"
121.62319,25.27169,"[35599-]","[35599-]"
121.45108,24.97883,"[35600-]","[35600-]"
121.54625,25.10836,"[35601-]","[35601-]"
121.43586,25.17339,"[35602-]","[35602-]"
121.65900,25.20781,"[35603-]","[35603-]"
121.50750,25.08217,"[35604-]","[35604-]"
121.48269,25.26339,"[35605-]","[35605-]"
121.47389,25.01508,"[35606-]","[35606-]"
121.49250,25.26011,"[35607-]","[35607-]"
121.47386,24.94197,"[35608-]","[35608-]"
121.46083,25.09389,"[35609-]","[35609-]"
121.55158,25.08183,"[35610-]","[35610-]"
121.52447,25.07972,"[35611-]","[35611-]"
121.52222,25.08019,"[35612-]","[35612-]"
121.54892,25.08217,"[35613-]","[35613-]"
121.58328,25.08458,"[35614-]","[35614-]"
121.59883,25.08467,"[35615-]","[35615-]"
121.60406,25.08303,"[35616-]","[35616-]"
121.59981,25.08450,"[35617-]","[35617-]"
121.50847,25.07861,"[35618-]","[35618-]"
121.59014,25.07522,"[35619-]","[35619-]"
121.51397,25.07586,"[35620-]","[35620-]"
121.57931,25.07369,"[35621-]","[35621-]"
121.52025,25.07514,"[35622-]","[35622-]"
121.53633,25.07786,"[35623-]","[35623-]"
121.56547,25.07836,"[35624-]","[35624-]"
121.58353,25.07850,"[35625-]","[35625-]"
121.50864,25.07797,"[35626-]","[35626-]"
121.60017,25.07797,"[35627-]","[35627-]"
121.52975,25.10664,"[35628-]","[35628-]"
121.45628,25.16197,"[35629-]","[35629-]"
121.80319,25.10631,"[35630-]","[35630-]"
121.49889,25.10650,"[35631-]","[35631-]"
121.55756,25.03542,"[35632-]","[35632-]"
121.56950,25.05753,"[35633-]","[35633-]"
121.50183,25.11928,"[35634-]","[35634-]"
121.56925,25.05719,"[35635-]","[35635-]"
121.55011,25.11303,"[35636-]","[35636-]"
121.78711,25.10589,"[35637-]","[35637-]"
121.52683,25.08722,"[35638-]","[35638-]"
121.51853,25.08997,"[35639-]","[35639-]"
121.55581,25.08481,"[35640-]","[35640-]"
121.52761,25.09014,"[35642-]","[35642-]"
121.51347,25.09753,"[35644-]","[35644-]"
121.52011,25.09333,"[35645-]","[35645-]"
121.51461,25.09472,"[35646-]","[35646-]"
121.27847,24.89236,"[35647-]","[35647-]"
121.22167,24.99153,"[35648-]","[35648-]"
121.26672,25.04439,"[35649-]","[35649-]"
121.26583,25.04892,"[35650-]","[35650-]"
121.22233,24.98558,"[35651-]","[35651-]"
121.28064,24.91272,"[35652-]","[35652-]"
121.06261,25.02522,"[35653-]","[35653-]"
121.23550,24.98964,"[35654-]","[35654-]"
121.24144,24.96603,"[35655-]","[35655-]"
121.26808,25.05231,"[35656-]","[35656-]"
120.26717,23.77456,"[35657-]","[35657-]"
120.50869,23.75033,"[35658-]","[35658-]"
120.44803,23.67781,"[35659-]","[35659-]"
120.30225,23.59322,"[35660-]","[35660-]"
121.17442,25.06161,"[35661-]","[35661-]"
121.16381,24.94850,"[35662-]","[35662-]"
121.27333,25.03097,"[35663-]","[35663-]"
121.38689,25.03811,"[35664-]","[35664-]"
121.16531,24.94792,"[35665-]","[35665-]"
121.36572,24.79092,"[35666-]","[35666-]"
121.35072,25.02122,"[35667-]","[35667-]"
121.37364,25.02847,"[35668-]","[35668-]"
121.27172,25.01428,"[35669-]","[35669-]"
121.08744,25.02542,"[35670-]","[35670-]"
121.21364,25.00397,"[35671-]","[35671-]"
121.26828,25.03953,"[35673-]","[35673-]"
121.13697,25.04297,"[35674-]","[35674-]"
121.27867,25.04300,"[35675-]","[35675-]"
121.12317,24.98775,"[35676-]","[35676-]"
121.15053,24.95703,"[35677-]","[35677-]"
121.07092,25.02008,"[35678-]","[35678-]"
121.07492,25.01811,"[35679-]","[35679-]"
121.26950,24.97725,"[35680-]","[35680-]"
121.07844,25.04475,"[35681-]","[35681-]"
121.27828,25.04358,"[35682-]","[35682-]"
121.26100,25.07011,"[35683-]","[35683-]"
121.16775,25.07925,"[35684-]","[35684-]"
121.47339,25.01550,"[35685-]","[35685-]"
121.37056,24.93847,"[35686-]","[35686-]"
121.47483,25.03264,"[35687-]","[35687-]"
121.45997,25.13683,"[35688-]","[35688-]"
121.43564,24.96644,"[35689-]","[35689-]"
121.51711,24.96386,"[35690-]","[35690-]"
121.60900,25.00117,"[35691-]","[35691-]"
121.51511,25.01231,"[35692-]","[35692-]"
121.51453,25.01028,"[35693-]","[35693-]"
121.45797,25.00700,"[35694-]","[35694-]"
121.45142,25.13169,"[35695-]","[35695-]"
121.48442,25.00489,"[35696-]","[35696-]"
121.47633,25.02419,"[35697-]","[35697-]"
121.44667,25.19783,"[35698-]","[35698-]"
121.49669,25.00231,"[35699-]","[35699-]"
121.44111,25.03369,"[35700-]","[35700-]"
121.44886,25.03531,"[35701-]","[35701-]"
121.48747,25.06392,"[35702-]","[35702-]"
121.48806,25.05131,"[35703-]","[35703-]"
120.53178,23.70536,"[35704-]","[35704-]"
120.50853,23.69164,"[35705-]","[35705-]"
120.30053,23.68494,"[35706-]","[35706-]"
120.59903,23.73750,"[35707-]","[35707-]"
120.49669,23.75783,"[35708-]","[35708-]"
120.48894,23.72797,"[35709-]","[35709-]"
120.47133,23.64775,"[35710-]","[35710-]"
120.49369,23.68386,"[35711-]","[35711-]"
120.48914,23.72839,"[35712-]","[35712-]"
120.18567,23.68964,"[35713-]","[35713-]"
121.65367,25.06228,"[35714-]","[35714-]"
121.63747,25.05889,"[35715-]","[35715-]"
121.46442,24.98572,"[35716-]","[35716-]"
121.41261,25.01275,"[35717-]","[35717-]"
120.24925,23.70425,"[35718-]","[35718-]"
120.27872,23.79628,"[35719-]","[35719-]"
120.17736,23.69217,"[35720-]","[35720-]"
120.25322,23.72108,"[35721-]","[35721-]"
120.25897,23.66561,"[35722-]","[35722-]"
121.54233,25.05769,"[35723-]","[35723-]"
121.53339,25.06472,"[35724-]","[35724-]"
121.53778,25.02564,"[35725-]","[35725-]"
121.53689,25.05239,"[35726-]","[35726-]"
121.53336,25.06822,"[35727-]","[35727-]"
121.47747,25.12239,"[35728-]","[35728-]"
121.47136,25.12300,"[35729-]","[35729-]"
121.51322,25.08103,"[35730-]","[35730-]"
121.49867,25.10864,"[35731-]","[35731-]"
121.54122,25.02133,"[35732-]","[35732-]"
121.47006,25.25106,"[35733-]","[35733-]"
121.50122,25.26164,"[35734-]","[35734-]"
121.50158,25.03292,"[35735-]","[35735-]"
121.45056,25.21356,"[35736-]","[35736-]"
121.50825,25.26678,"[35737-]","[35737-]"
121.49619,25.05431,"[35738-]","[35738-]"
121.51136,25.08742,"[35739-]","[35739-]"
121.49728,25.01933,"[35740-]","[35740-]"
121.48961,25.05811,"[35741-]","[35741-]"
121.55672,25.02047,"[35743-]","[35743-]"
121.97678,24.99222,"[35744-]","[35744-]"
121.53383,25.01883,"[35745-]","[35745-]"
121.44089,24.99039,"[35746-]","[35746-]"
121.50711,25.02169,"[35747-]","[35747-]"
121.41219,24.98367,"[35748-]","[35748-]"
121.52936,24.98722,"[35749-]","[35749-]"
121.54614,24.98678,"[35750-]","[35750-]"
121.50031,25.01753,"[35751-]","[35751-]"
121.53819,25.00814,"[35752-]","[35752-]"
121.55742,25.00961,"[35753-]","[35753-]"
121.54431,25.06700,"[35754-]","[35754-]"
121.54439,25.07214,"[35755-]","[35755-]"
121.53800,25.02772,"[35756-]","[35756-]"
121.52519,25.01631,"[35757-]","[35757-]"
121.54908,25.01692,"[35758-]","[35758-]"
121.52794,25.01203,"[35759-]","[35759-]"
121.58428,25.00297,"[35760-]","[35760-]"
121.47861,25.03597,"[35761-]","[35761-]"
121.56031,25.04128,"[35763-]","[35763-]"
121.47633,25.03425,"[35764-]","[35764-]"
121.54072,24.98489,"[35765-]","[35765-]"
121.53717,25.06236,"[35766-]","[35766-]"
121.51139,25.11061,"[35767-]","[35767-]"
121.57186,25.03272,"[35768-]","[35768-]"
121.50747,25.03917,"[35769-]","[35769-]"
121.03339,24.99139,"[35770-]","[35770-]"
121.27628,25.02892,"[35771-]","[35771-]"
121.20061,24.93497,"[35772-]","[35772-]"
121.14333,24.95803,"[35773-]","[35773-]"
121.20856,24.94478,"[35774-]","[35774-]"
121.18631,24.95986,"[35775-]","[35775-]"
121.16008,24.96228,"[35776-]","[35776-]"
121.13844,25.05497,"[35777-]","[35777-]"
121.14592,24.95744,"[35778-]","[35778-]"
121.14989,24.95647,"[35779-]","[35779-]"
121.51903,25.04333,"[35780-]","[35780-]"
121.51581,25.02769,"[35781-]","[35781-]"
121.54428,25.05603,"[35782-]","[35782-]"
121.54217,25.04467,"[35783-]","[35783-]"
121.45361,25.10714,"[35784-]","[35784-]"
121.54442,25.01722,"[35785-]","[35785-]"
121.45936,25.13361,"[35787-]","[35787-]"
121.54133,25.01458,"[35788-]","[35788-]"
121.49039,25.03006,"[35789-]","[35789-]"
121.64625,25.06067,"[35790-]","[35790-]"
121.65114,25.06142,"[35791-]","[35791-]"
121.50936,25.11244,"[35792-]","[35792-]"
121.50406,25.11736,"[35793-]","[35793-]"
121.54917,25.05767,"[35795-]","[35795-]"
121.58789,25.06908,"[35796-]","[35796-]"
121.68039,25.06828,"[35797-]","[35797-]"
121.55217,25.04447,"[35798-]","[35798-]"
120.29364,22.61747,"[35799-]","[35799-]"
120.29261,22.61950,"[35800-]","[35800-]"
120.33292,22.64075,"[35801-]","[35801-]"
120.30900,22.62397,"[35802-]","[35802-]"
120.30611,22.62475,"[35803-]","[35803-]"
120.29853,22.62286,"[35804-]","[35804-]"
120.29117,22.58236,"[35805-]","[35805-]"
120.30600,22.76697,"[35806-]","[35806-]"
120.30561,22.67453,"[35807-]","[35807-]"
120.31489,22.72447,"[35808-]","[35808-]"
120.27622,22.72467,"[35809-]","[35809-]"
120.31378,22.63500,"[35810-]","[35810-]"
120.31186,22.75464,"[35811-]","[35811-]"
120.28028,22.62278,"[35812-]","[35812-]"
120.31450,22.59814,"[35813-]","[35813-]"
120.30953,22.61558,"[35814-]","[35814-]"
120.32264,22.61539,"[35815-]","[35815-]"
120.29817,22.67858,"[35816-]","[35816-]"
120.29264,22.87886,"[35817-]","[35817-]"
120.28442,22.62089,"[35818-]","[35818-]"
120.34442,22.62447,"[35819-]","[35819-]"
120.28406,22.62919,"[35820-]","[35820-]"
120.31794,22.62875,"[35821-]","[35821-]"
120.36353,22.63525,"[35822-]","[35822-]"
120.35936,22.65797,"[35823-]","[35823-]"
120.34511,22.63853,"[35824-]","[35824-]"
120.31283,22.67636,"[35825-]","[35825-]"
120.30050,22.63475,"[35826-]","[35826-]"
120.33808,22.62989,"[35827-]","[35827-]"
120.41083,22.56125,"[35828-]","[35828-]"
120.29453,22.80003,"[35829-]","[35829-]"
120.46908,22.85883,"[35830-]","[35830-]"
120.34531,22.70103,"[35831-]","[35831-]"
120.30353,22.68325,"[35832-]","[35832-]"
120.33689,22.73997,"[35833-]","[35833-]"
120.48344,22.89194,"[35834-]","[35834-]"
120.33003,22.57903,"[35835-]","[35835-]"
120.34169,22.70592,"[35836-]","[35836-]"
120.34439,22.56953,"[35837-]","[35837-]"
120.30033,22.66117,"[35838-]","[35838-]"
120.30286,22.69278,"[35839-]","[35839-]"
120.29433,22.67528,"[35840-]","[35840-]"
120.29297,22.70692,"[35841-]","[35841-]"
120.30678,22.60172,"[35842-]","[35842-]"
120.30614,22.59253,"[35843-]","[35843-]"
120.30519,22.64528,"[35844-]","[35844-]"
120.29208,22.71806,"[35845-]","[35845-]"
120.33589,22.73850,"[35846-]","[35846-]"
120.22700,22.90950,"[35847-]","[35847-]"
120.30639,22.68489,"[35848-]","[35848-]"
120.28850,22.65133,"[35849-]","[35849-]"
120.28553,22.66308,"[35850-]","[35850-]"
120.26511,22.73828,"[35851-]","[35851-]"
120.95819,24.68389,"[35852-]","[35852-]"
120.92414,24.68989,"[35853-]","[35853-]"
120.92200,24.71386,"[35854-]","[35854-]"
120.66642,24.46981,"[35855-]","[35855-]"
120.74989,24.37867,"[35856-]","[35856-]"
120.67125,24.39461,"[35857-]","[35857-]"
120.89539,24.68308,"[35858-]","[35858-]"
120.81492,24.53917,"[35859-]","[35859-]"
120.81392,24.55078,"[35860-]","[35860-]"
120.65514,24.41919,"[35861-]","[35861-]"
120.86764,24.42892,"[35862-]","[35862-]"
120.86672,24.39783,"[35863-]","[35863-]"
120.84442,24.56650,"[35864-]","[35864-]"
120.92772,23.90414,"[35865-]","[35865-]"
120.69431,23.85994,"[35866-]","[35866-]"
120.94636,23.96592,"[35867-]","[35867-]"
120.70506,23.82072,"[35868-]","[35868-]"
120.93756,23.94883,"[35869-]","[35869-]"
120.93172,23.94433,"[35870-]","[35870-]"
120.84453,24.02567,"[35871-]","[35871-]"
120.66872,23.99058,"[35872-]","[35872-]"
120.66203,24.45800,"[35873-]","[35873-]"
120.64694,24.44058,"[35874-]","[35874-]"
120.81156,23.82128,"[35875-]","[35875-]"
120.76383,23.98603,"[35876-]","[35876-]"
120.73458,23.98294,"[35877-]","[35877-]"
120.80350,24.57878,"[35878-]","[35878-]"
120.29028,22.80328,"[35879-]","[35879-]"
120.31508,22.64986,"[35880-]","[35880-]"
120.40483,22.64008,"[35881-]","[35881-]"
120.28161,22.81017,"[35882-]","[35882-]"
120.27078,22.81994,"[35883-]","[35883-]"
120.32083,22.68797,"[35884-]","[35884-]"
120.38833,22.63394,"[35885-]","[35885-]"
120.36275,22.51067,"[35886-]","[35886-]"
120.35831,22.56989,"[35887-]","[35887-]"
120.32683,22.61197,"[35888-]","[35888-]"
120.37092,22.58067,"[35889-]","[35889-]"
120.36772,22.62256,"[35890-]","[35890-]"
120.36514,22.57236,"[35891-]","[35891-]"
120.77436,24.62581,"[35892-]","[35892-]"
120.69950,24.54997,"[35893-]","[35893-]"
120.69031,24.51086,"[35894-]","[35894-]"
120.78964,24.59486,"[35895-]","[35895-]"
120.78339,24.63753,"[35896-]","[35896-]"
120.78131,24.47878,"[35897-]","[35897-]"
120.65311,24.44950,"[35898-]","[35898-]"
120.31019,22.64914,"[35899-]","[35899-]"
120.29683,22.80419,"[35900-]","[35900-]"
120.29336,22.80089,"[35901-]","[35901-]"
120.32042,22.63969,"[35902-]","[35902-]"
120.35881,22.59028,"[35903-]","[35903-]"
120.28922,22.62075,"[35904-]","[35904-]"
120.51992,22.89672,"[35905-]","[35905-]"
120.44047,23.44839,"[35906-]","[35906-]"
120.41208,23.44942,"[35907-]","[35907-]"
120.32622,23.45489,"[35908-]","[35908-]"
120.43650,23.53575,"[35909-]","[35909-]"
120.43542,23.56789,"[35910-]","[35910-]"
120.43331,23.54297,"[35911-]","[35911-]"
120.16758,23.43897,"[35912-]","[35912-]"
120.46903,24.16700,"[35913-]","[35913-]"
120.44542,24.14053,"[35914-]","[35914-]"
120.52408,24.09939,"[35915-]","[35915-]"
120.35214,23.97492,"[35916-]","[35916-]"
120.34642,23.96406,"[35917-]","[35917-]"
120.52886,23.89161,"[35918-]","[35918-]"
120.44556,23.60133,"[35919-]","[35919-]"
120.44950,23.46886,"[35920-]","[35920-]"
120.44264,23.49708,"[35921-]","[35921-]"
120.42994,23.48022,"[35922-]","[35922-]"
120.40350,23.49044,"[35923-]","[35923-]"
120.43208,23.55756,"[35924-]","[35924-]"
120.51669,23.59831,"[35925-]","[35925-]"
120.44236,23.47533,"[35926-]","[35926-]"
120.43900,23.48067,"[35927-]","[35927-]"
120.43758,23.57342,"[35928-]","[35928-]"
120.48161,23.60492,"[35929-]","[35929-]"
120.48031,23.45131,"[35930-]","[35930-]"
120.46800,23.62439,"[35931-]","[35931-]"
120.55289,24.07078,"[35932-]","[35932-]"
120.49217,24.11494,"[35933-]","[35933-]"
120.48661,24.15486,"[35934-]","[35934-]"
120.44839,24.09231,"[35935-]","[35935-]"
120.53331,24.05111,"[35936-]","[35936-]"
120.53331,23.89500,"[35937-]","[35937-]"
120.50014,23.85739,"[35938-]","[35938-]"
120.44747,24.08836,"[35939-]","[35939-]"
120.38197,23.95756,"[35940-]","[35940-]"
120.33861,23.95461,"[35941-]","[35941-]"
120.31217,23.91547,"[35942-]","[35942-]"
120.44044,24.07261,"[35943-]","[35943-]"
120.42164,24.03753,"[35944-]","[35944-]"
120.38203,23.95511,"[35945-]","[35945-]"
120.61978,24.05433,"[35946-]","[35946-]"
120.60475,24.08028,"[35947-]","[35947-]"
120.57650,24.09869,"[35948-]","[35948-]"
120.62203,24.04636,"[35949-]","[35949-]"
120.55736,24.09833,"[35950-]","[35950-]"
120.59261,24.06356,"[35951-]","[35951-]"
120.57142,23.96253,"[35952-]","[35952-]"
120.56019,23.99533,"[35953-]","[35953-]"
120.55117,23.95219,"[35954-]","[35954-]"
120.54689,24.01953,"[35955-]","[35955-]"
120.56817,24.09278,"[35956-]","[35956-]"
120.56536,24.08842,"[35957-]","[35957-]"
120.56386,23.98947,"[35958-]","[35958-]"
120.28808,22.62136,"[35959-]","[35959-]"
120.31486,22.66683,"[35960-]","[35960-]"
121.69189,25.07606,"[35961-]","[35961-]"
120.29972,22.67478,"[35962-]","[35962-]"
120.31117,22.71411,"[35963-]","[35963-]"
120.29339,22.62058,"[35964-]","[35964-]"
121.77794,25.12794,"[35965-]","[35965-]"
121.73503,25.11075,"[35966-]","[35966-]"
121.72658,25.11600,"[35967-]","[35967-]"
121.71256,25.09411,"[35968-]","[35968-]"
121.77775,25.15108,"[35969-]","[35969-]"
121.74308,25.12333,"[35970-]","[35970-]"
121.73939,25.10269,"[35971-]","[35971-]"
120.32289,22.58753,"[35972-]","[35972-]"
120.32364,22.60342,"[35973-]","[35973-]"
120.34950,22.69306,"[35974-]","[35974-]"
120.47986,22.89983,"[35975-]","[35975-]"
120.37319,22.53569,"[35976-]","[35976-]"
120.34247,22.70558,"[35977-]","[35977-]"
120.28200,22.65417,"[35978-]","[35978-]"
120.30536,22.61186,"[35979-]","[35979-]"
120.47036,22.90911,"[35980-]","[35980-]"
120.29711,22.65469,"[35981-]","[35981-]"
120.29142,22.67222,"[35982-]","[35982-]"
120.29017,22.67064,"[35983-]","[35983-]"
120.30239,22.70458,"[35984-]","[35984-]"
121.70331,25.14247,"[35985-]","[35985-]"
121.56597,23.90114,"[35986-]","[35986-]"
121.53058,23.86364,"[35987-]","[35987-]"
121.46042,23.81436,"[35988-]","[35988-]"
121.61731,23.97889,"[35989-]","[35989-]"
121.61583,23.97428,"[35990-]","[35990-]"
121.53936,23.93283,"[35991-]","[35991-]"
121.74564,24.31356,"[35992-]","[35992-]"
121.48264,23.81564,"[35993-]","[35993-]"
120.35606,23.52292,"[35994-]","[35994-]"
120.45133,23.49814,"[35995-]","[35995-]"
121.60719,24.06333,"[35996-]","[35996-]"
121.61497,23.97486,"[35997-]","[35997-]"
121.52700,23.89633,"[35998-]","[35998-]"
121.91483,24.95294,"[35999-]","[35999-]"
121.90561,24.94792,"[36000-]","[36000-]"
121.83731,24.87350,"[36001-]","[36001-]"
121.68736,25.07575,"[36002-]","[36002-]"
121.81939,24.73025,"[36003-]","[36003-]"
121.92678,24.97036,"[36004-]","[36004-]"
121.79436,24.46258,"[36005-]","[36005-]"
121.71639,24.73314,"[36006-]","[36006-]"
121.70106,24.71794,"[36007-]","[36007-]"
121.60953,24.01947,"[36008-]","[36008-]"
121.79386,24.84872,"[36009-]","[36009-]"
121.76608,24.80533,"[36010-]","[36010-]"
121.76397,24.73267,"[36011-]","[36011-]"
120.92164,23.97653,"[36012-]","[36012-]"
120.69828,24.17294,"[36013-]","[36013-]"
120.64647,24.13461,"[36014-]","[36014-]"
120.57719,24.22517,"[36015-]","[36015-]"
120.67933,24.12236,"[36016-]","[36016-]"
120.58144,24.20983,"[36017-]","[36017-]"
120.57997,24.19256,"[36018-]","[36018-]"
120.65167,24.11242,"[36019-]","[36019-]"
120.68039,24.03839,"[36020-]","[36020-]"
120.69631,24.05436,"[36021-]","[36021-]"
120.69914,24.06756,"[36022-]","[36022-]"
120.69622,24.13514,"[36023-]","[36023-]"
120.63275,24.13742,"[36024-]","[36024-]"
120.63011,24.14700,"[36025-]","[36025-]"
120.77356,24.27483,"[36026-]","[36026-]"
120.51422,24.19881,"[36027-]","[36027-]"
120.54858,24.23664,"[36028-]","[36028-]"
120.60014,24.18211,"[36029-]","[36029-]"
120.57989,24.19083,"[36030-]","[36030-]"
120.62014,24.21086,"[36031-]","[36031-]"
120.57567,24.27831,"[36032-]","[36032-]"
120.56811,24.23833,"[36033-]","[36033-]"
120.57853,24.22314,"[36034-]","[36034-]"
120.56664,24.26828,"[36036-]","[36036-]"
120.55708,24.24239,"[36037-]","[36037-]"
120.64356,24.40886,"[36038-]","[36038-]"
120.64822,24.08594,"[36039-]","[36039-]"
120.64683,24.15375,"[36040-]","[36040-]"
120.71892,24.16317,"[36041-]","[36041-]"
120.63989,24.15847,"[36042-]","[36042-]"
120.54903,24.14697,"[36043-]","[36043-]"
120.67742,24.15131,"[36044-]","[36044-]"
120.69878,24.15239,"[36045-]","[36045-]"
120.64842,24.16100,"[36046-]","[36046-]"
120.62092,24.17175,"[36047-]","[36047-]"
120.61069,24.20347,"[36048-]","[36048-]"
120.66708,24.17306,"[36049-]","[36049-]"
120.61794,24.16158,"[36050-]","[36050-]"
120.66817,24.16286,"[36051-]","[36051-]"
120.64858,24.11983,"[36052-]","[36052-]"
120.60739,24.10847,"[36053-]","[36053-]"
120.64839,24.11106,"[36054-]","[36054-]"
120.64850,24.12286,"[36055-]","[36055-]"
120.66453,24.09092,"[36056-]","[36056-]"
120.66444,24.09233,"[36057-]","[36057-]"
120.69347,24.10478,"[36058-]","[36058-]"
120.63183,24.12547,"[36059-]","[36059-]"
120.65178,24.38272,"[36060-]","[36060-]"
120.65819,24.11747,"[36061-]","[36061-]"
120.66711,24.14153,"[36062-]","[36062-]"
120.67853,24.12811,"[36063-]","[36063-]"
120.66492,24.12842,"[36064-]","[36064-]"
120.62958,24.12761,"[36065-]","[36065-]"
120.21089,22.99742,"[36066-]","[36066-]"
120.46553,23.12072,"[36067-]","[36067-]"
120.31569,23.24017,"[36069-]","[36069-]"
120.33094,23.12389,"[36070-]","[36070-]"
120.42542,23.14264,"[36071-]","[36071-]"
120.19011,23.05386,"[36072-]","[36072-]"
121.17400,23.07386,"[36073-]","[36073-]"
121.15128,22.75575,"[36074-]","[36074-]"
121.14394,22.76792,"[36075-]","[36075-]"
120.19225,23.07467,"[36076-]","[36076-]"
121.29828,22.96417,"[36077-]","[36077-]"
121.20314,23.10775,"[36078-]","[36078-]"
120.19719,23.01953,"[36079-]","[36079-]"
120.27500,23.11442,"[36080-]","[36080-]"
120.21161,22.99669,"[36081-]","[36081-]"
120.30267,22.96581,"[36082-]","[36082-]"
120.32589,23.30908,"[36083-]","[36083-]"
120.20628,23.02194,"[36084-]","[36084-]"
120.29883,23.05564,"[36085-]","[36085-]"
120.20981,23.26381,"[36086-]","[36086-]"
120.27117,23.11331,"[36087-]","[36087-]"
120.36481,23.37411,"[36088-]","[36088-]"
120.13486,23.07347,"[36089-]","[36089-]"
120.13797,23.29281,"[36090-]","[36090-]"
120.32517,23.27667,"[36091-]","[36091-]"
121.14114,22.98769,"[36092-]","[36092-]"
120.61878,24.35433,"[36093-]","[36093-]"
120.65897,24.17103,"[36094-]","[36094-]"
120.61711,24.34739,"[36096-]","[36096-]"
120.61533,24.41050,"[36097-]","[36097-]"
120.62267,24.35675,"[36098-]","[36098-]"
120.72269,24.28472,"[36099-]","[36099-]"
120.61078,24.15483,"[36100-]","[36100-]"
120.65972,24.15708,"[36101-]","[36101-]"
120.61964,24.18106,"[36102-]","[36102-]"
120.73064,24.33536,"[36103-]","[36103-]"
120.64622,24.16428,"[36104-]","[36104-]"
120.60264,24.18272,"[36105-]","[36105-]"
121.09250,22.85714,"[36106-]","[36106-]"
120.57217,24.23314,"[36107-]","[36107-]"
120.65736,24.14439,"[36108-]","[36108-]"
121.13025,22.78233,"[36109-]","[36109-]"
121.11892,22.72783,"[36110-]","[36110-]"
121.09614,22.89811,"[36111-]","[36111-]"
120.66075,24.17242,"[36112-]","[36112-]"
120.71817,24.18858,"[36113-]","[36113-]"
120.72172,24.20917,"[36114-]","[36114-]"
120.68094,24.16317,"[36115-]","[36115-]"
120.67556,24.16036,"[36116-]","[36116-]"
120.54242,24.16939,"[36117-]","[36117-]"
120.54336,24.17592,"[36118-]","[36118-]"
120.70969,24.17264,"[36119-]","[36119-]"
120.97694,24.81439,"[36120-]","[36120-]"
120.97672,24.80383,"[36121-]","[36121-]"
120.97597,24.80467,"[36122-]","[36122-]"
120.99358,24.79892,"[36123-]","[36123-]"
120.97972,24.81461,"[36124-]","[36124-]"
120.97925,24.91144,"[36125-]","[36125-]"
120.97394,24.80411,"[36126-]","[36126-]"
120.93622,24.79072,"[36127-]","[36127-]"
120.91175,24.75969,"[36128-]","[36128-]"
120.54075,22.56972,"[36129-]","[36129-]"
120.97139,24.82500,"[36130-]","[36130-]"
120.96917,24.79725,"[36131-]","[36131-]"
121.03611,24.79472,"[36132-]","[36132-]"
121.08525,24.74169,"[36133-]","[36133-]"
121.07386,24.77478,"[36134-]","[36134-]"
121.03172,24.69175,"[36135-]","[36135-]"
121.17664,24.77667,"[36136-]","[36136-]"
121.14739,24.71781,"[36137-]","[36137-]"
121.11672,24.72044,"[36138-]","[36138-]"
121.02667,24.77089,"[36139-]","[36139-]"
121.00456,24.79106,"[36140-]","[36140-]"
121.00217,24.85517,"[36141-]","[36141-]"
120.99989,24.82861,"[36142-]","[36142-]"
121.00986,24.82703,"[36143-]","[36143-]"
121.00633,24.78983,"[36144-]","[36144-]"
121.00583,24.84489,"[36145-]","[36145-]"
120.75447,21.97378,"[36146-]","[36146-]"
120.65728,23.99250,"[36147-]","[36147-]"
120.91447,23.98053,"[36148-]","[36148-]"
120.82875,24.02469,"[36149-]","[36149-]"
120.65392,22.25722,"[36150-]","[36150-]"
120.70072,22.14431,"[36151-]","[36151-]"
120.73881,22.03411,"[36152-]","[36152-]"
120.81867,24.00911,"[36153-]","[36153-]"
120.67897,23.98783,"[36154-]","[36154-]"
120.67939,23.99533,"[36155-]","[36155-]"
120.67767,24.00281,"[36156-]","[36156-]"
120.79231,23.98378,"[36157-]","[36157-]"
120.73089,23.83503,"[36158-]","[36158-]"
120.69828,23.97906,"[36159-]","[36159-]"
120.48083,22.61311,"[36160-]","[36160-]"
120.49769,22.77772,"[36161-]","[36161-]"
120.49967,22.70553,"[36162-]","[36162-]"
120.77003,21.95528,"[36163-]","[36163-]"
120.64406,22.29736,"[36164-]","[36164-]"
120.65308,22.26214,"[36165-]","[36165-]"
120.45231,22.65122,"[36166-]","[36166-]"
120.48911,22.69317,"[36167-]","[36167-]"
120.51144,22.65997,"[36168-]","[36168-]"
120.55372,22.56178,"[36169-]","[36169-]"
120.59400,22.38789,"[36170-]","[36170-]"
120.61436,22.33639,"[36171-]","[36171-]"
120.62172,22.32853,"[36172-]","[36172-]"
120.68653,24.19419,"[36173-]","[36173-]"
120.66586,24.10633,"[36174-]","[36174-]"
120.66083,24.11006,"[36175-]","[36175-]"
120.68650,24.19203,"[36176-]","[36176-]"
120.67133,24.19258,"[36177-]","[36177-]"
120.64811,24.19353,"[36178-]","[36178-]"
120.62792,24.20175,"[36179-]","[36179-]"
120.72369,24.21669,"[36180-]","[36180-]"
120.83711,24.22178,"[36181-]","[36181-]"
120.83728,24.22317,"[36182-]","[36182-]"
120.72278,24.20375,"[36183-]","[36183-]"
120.59133,24.37756,"[36184-]","[36184-]"
120.70531,24.21547,"[36185-]","[36185-]"
120.57903,24.17653,"[36186-]","[36186-]"
120.70006,24.17714,"[36187-]","[36187-]"
120.79106,24.27289,"[36188-]","[36188-]"
120.71519,24.17431,"[36189-]","[36189-]"
120.78372,24.27467,"[36190-]","[36190-]"
120.69936,24.17583,"[36191-]","[36191-]"
120.55908,24.21008,"[36192-]","[36192-]"
120.63936,24.18903,"[36193-]","[36193-]"
120.61289,24.19017,"[36194-]","[36194-]"
120.60725,24.11075,"[36195-]","[36195-]"
120.67994,24.18247,"[36196-]","[36196-]"
120.70939,24.18231,"[36197-]","[36197-]"
120.64447,24.09300,"[36198-]","[36198-]"
120.57811,24.34986,"[36199-]","[36199-]"
120.68558,24.17325,"[36200-]","[36200-]"
120.62164,24.34753,"[36201-]","[36201-]"
120.58578,24.36500,"[36202-]","[36202-]"
120.58714,24.29031,"[36203-]","[36203-]"
120.80019,24.29172,"[36204-]","[36204-]"
120.58831,24.29242,"[36205-]","[36205-]"
120.65392,24.39036,"[36206-]","[36206-]"
120.95444,24.87594,"[36207-]","[36207-]"
121.00261,24.77639,"[36208-]","[36208-]"
121.03861,24.79364,"[36209-]","[36209-]"
120.60422,24.39342,"[36210-]","[36210-]"
120.68742,24.17181,"[36211-]","[36211-]"
120.99042,24.79997,"[36212-]","[36212-]"
120.70836,24.22967,"[36213-]","[36213-]"
120.69467,24.23275,"[36214-]","[36214-]"
120.83475,24.23769,"[36215-]","[36215-]"
120.69100,24.22958,"[36216-]","[36216-]"
120.67486,24.24106,"[36217-]","[36217-]"
120.64192,24.22961,"[36218-]","[36218-]"
120.71283,24.23964,"[36219-]","[36219-]"
120.53967,24.25769,"[36220-]","[36220-]"
120.77917,24.27403,"[36221-]","[36221-]"
120.57556,24.25222,"[36222-]","[36222-]"
120.57161,24.24161,"[36223-]","[36223-]"
120.59633,24.25003,"[36224-]","[36224-]"
120.61022,24.24558,"[36225-]","[36225-]"
101.13058,12.82694,"[35144-]","[35144-]"
101.20344,13.25489,"[35145-]","[35145-]"
101.54314,12.89842,"[35146-]","[35146-]"
101.42958,13.04983,"[35147-]","[35147-]"
100.33097,15.04706,"[35148-]","[35148-]"
102.01050,14.64328,"[35149-]","[35149-]"
101.24267,13.68092,"[35150-]","[35150-]"
100.93367,13.25192,"[35151-]","[35151-]"
102.46103,15.37789,"[35152-]","[35152-]"
102.91386,17.04411,"[35153-]","[35153-]"
101.48061,14.70256,"[35154-]","[35154-]"
101.74544,14.87017,"[35155-]","[35155-]"
101.97869,14.93214,"[35156-]","[35156-]"
102.09250,15.03569,"[35157-]","[35157-]"
102.56956,15.63953,"[35158-]","[35158-]"
102.58525,15.70358,"[35159-]","[35159-]"
102.56047,15.59808,"[35160-]","[35160-]"
102.77058,16.24167,"[35161-]","[35161-]"
99.08550,18.52311,"[35162-]","[35162-]"
99.29139,18.32444,"[35163-]","[35163-]"
100.78322,14.26439,"[35164-]","[35164-]"
99.14875,17.30936,"[35165-]","[35165-]"
99.46853,16.53753,"[35166-]","[35166-]"
99.71381,16.18203,"[35167-]","[35167-]"
100.76644,14.25525,"[35168-]","[35168-]"
99.72086,19.73586,"[35169-]","[35169-]"
99.78067,16.02286,"[35170-]","[35170-]"
99.16200,17.47197,"[35171-]","[35171-]"
99.48108,16.51381,"[35172-]","[35172-]"
99.89931,15.89244,"[35173-]","[35173-]"
100.60325,13.92331,"[35174-]","[35174-]"
100.63528,13.66769,"[35175-]","[35175-]"
100.53336,13.84931,"[35176-]","[35176-]"
100.59375,13.75114,"[35177-]","[35177-]"
100.61317,13.79650,"[35178-]","[35178-]"
100.64822,13.80194,"[35179-]","[35179-]"
100.59375,13.79486,"[35180-]","[35180-]"
100.54750,13.74328,"[35181-]","[35181-]"
100.52139,13.79722,"[35182-]","[35182-]"
100.74656,13.72256,"[35183-]","[35183-]"
100.66044,13.71744,"[35184-]","[35184-]"
100.56344,13.74900,"[35185-]","[35185-]"
100.52347,13.75622,"[35187-]","[35187-]"
100.53361,13.73081,"[35188-]","[35188-]"
100.52872,13.73286,"[35189-]","[35189-]"
100.51042,13.76592,"[35190-]","[35190-]"
100.56525,13.71467,"[35191-]","[35191-]"
100.54447,13.72631,"[35192-]","[35192-]"
100.52842,13.82825,"[35193-]","[35193-]"
100.64558,13.76272,"[35194-]","[35194-]"
100.54025,13.74458,"[35195-]","[35195-]"
100.55906,13.72019,"[35196-]","[35196-]"
100.57497,13.80531,"[35197-]","[35197-]"
100.61642,13.73650,"[35198-]","[35198-]"
100.53442,13.75794,"[35199-]","[35199-]"
100.53789,13.79186,"[35200-]","[35200-]"
100.58647,13.76989,"[35201-]","[35201-]"
100.53900,13.83042,"[35202-]","[35202-]"
100.49467,13.73083,"[35203-]","[35203-]"
100.65761,13.76753,"[35204-]","[35204-]"
100.52158,13.80675,"[35205-]","[35205-]"
100.49453,13.78461,"[35206-]","[35206-]"
100.65461,13.77283,"[35207-]","[35207-]"
100.53008,13.72192,"[35208-]","[35208-]"
100.47414,13.72939,"[35209-]","[35209-]"
100.49117,13.72072,"[35210-]","[35210-]"
100.50842,13.77836,"[35211-]","[35211-]"
100.50764,13.75994,"[35212-]","[35212-]"
100.60072,13.74097,"[35213-]","[35213-]"
27.11411,38.47239,"[27562-]","[27562-]"
27.15061,38.44047,"[27564-]","[27564-]"
27.12106,38.61708,"[27567-]","[27567-]"
28.80314,40.97997,"[27568-]","[27568-]"
28.87225,41.05050,"[27574-]","[27574-]"
28.87233,40.98633,"[27575-]","[27575-]"
29.10228,40.96886,"[27580-]","[27580-]"
29.10269,40.96964,"[27581-]","[27581-]"
29.10158,40.97017,"[27582-]","[27582-]"
29.10092,40.97142,"[27583-]","[27583-]"
29.10031,40.97242,"[27584-]","[27584-]"
29.09958,40.97375,"[27585-]","[27585-]"
28.98111,41.00283,"[27586-]","[27586-]"
29.10342,40.96686,"[27612-]","[27612-]"
29.10711,40.96261,"[27613-]","[27613-]"
29.10772,40.96206,"[27614-]","[27614-]"
29.11239,40.95783,"[27616-]","[27616-]"
29.11369,40.95658,"[27618-]","[27618-]"
29.11567,40.95489,"[27619-]","[27619-]"
29.11711,40.95344,"[27620-]","[27620-]"
29.11881,40.95192,"[27621-]","[27621-]"
29.11992,40.95100,"[27622-]","[27622-]"
-122.21967,40.18306,"video in every direction","[33550]"
-111.96083,33.42192,"video in every direction","[33619]"
-111.89072,33.58072,"[43297]","[43297]"
-111.89100,33.58072,"[33745]","[33745]"
-111.89136,33.59731,"[33747]","[33747]"
-90.60167,41.52233,"[43521]","[43521]"
-81.56483,41.42869,"[43547-]","[43547-]"
-76.64997,39.24308,"[52025-]","[52025-]"
-76.70161,39.24706,"[52026-]","[52026-]"
-76.72939,39.32892,"[52027-]","[52027-]"
-77.18483,39.12747,"[52065-]","[52065-]"
-75.12631,40.07958,"[52094-]","[52094-]"
-80.30683,25.86672,"[52097-]","[52097-]"
22.05500,53.60961,"[26080-]","[26080-]"