16.38028,44.37908,"both","[29231-]"
18.14558,43.90317,"Rtg. Kiseljak","[30802-]"
27.89622,43.19897,"S","[28881]"
27.89667,43.19897,"N","[36579]"
16.83839,45.90031,"[18041-]","[18041-]"
15.92444,45.78861,"O","[64087-]"
9.23575,48.62347,"OE aus Rtg. Filderstadt / B27 / B312, keine Sensoren","[2711]"
8.73114,48.77028,"Höhe Postamt, drehbar","[3073]"
8.72553,50.16611,"Höhe Brünnerweg, stadteinwärts","[2934]"
9.00483,48.67803,"60 m n. Bahnübergang kurz vor Garagen, stadteinwärts","[1531]"
8.73972,48.71608,"Höhe Fußgängerbrücke über die 'Nagold', drehbar","[8025]"
7.92369,48.33125,"OE aus Rtg. L-Kuhbach","[2796]"
7.93264,48.32647,"OE aus Rtg. Seelbach","[2797]"
8.80653,50.15611,"vor OE n. Unterführung der L3209","[498]"
8.84478,50.13758,"Höhe Postamt, drehbar","[233]"
8.56606,49.97467,"Höhe Fußgänger-Ampel, beidseitig","[8099]"
13.26694,53.56000,"nach Bahnbrücke vor 'Am Pferdemarkt' aus Rtg. Altentreptow","[8322]"
9.17192,48.52194,"OE aus Rtg. Wannweil, beidseitig","[1362]"
8.57500,49.64933,"stadtauswärts, TraffiTower","[23182]"
8.99778,48.67242,"Höhe Reha-Zentrum, drehbar","[1323]"
7.90283,48.34000,"OE aus Rtg. Lahr","[2696]"
10.90589,52.54639,"Ortsmitte aus Rtg. Brome","[2864]"
8.55881,49.64997,"Rtg. Süden","[2988]"
7.27847,50.65814,"zw. Aegidienberg und Bad Honnef, im Wald am Ende der langen Geraden, durch Schild verdeckt","[11664]"
9.00181,47.74353,"drehbar","[11013]"
8.55883,49.64936,"Rtg. Norden","[15572]"
9.02978,47.77317,"OE aus Rtg. Langenrain, drehbar","[15953]"
8.57494,49.64931,"stadteinwärts, TraffiTower","[9551]"
8.99811,47.77419,"OE aus Rtg. Liggeringen, drehbar","[18787]"
8.97578,47.78939,"OE aus Rtg. Wahlwies, drehbar","[18788]"
8.06731,50.13578,"beidseitig, PoliScan Speed","[20742]"
7.26733,51.21764,"Höhe Herbringhauser Talsperre in Rtg. Lüttringhausen","[23224]"
7.26556,51.21742,"Höhe Herbringhauser Talsperre aus Rtg. Lüttringhausen","[23225]"
8.45697,50.18694,"PoliScan, beidseitig","[26984]"
8.50353,50.17147,"OE aus Rtg. Kronberg, PoliScan, beidseitig","[26986]"
9.00525,48.67817,"PoliScan Speed, Rtg. Bahnübergang","[29503]"
8.09650,50.11058,"drehbar","[50648]"
9.33928,50.23056,"OE aus Rtg. A66, TraffiTower","[50715]"
9.33731,50.23683,"aus Rtg. A66, TraffiTower","[50768]"
8.58367,49.14889,"drehbar, VDS","[53801]"
21.90322,60.19381,"O","[50003]"
21.81094,61.48017,"W","[37214-]"
21.78028,61.48922,"E","[54148]"
21.50636,61.11903,"S","[63445-]"
21.50694,61.11861,"N","[63446-]"
-1.71583,53.68142,"SO","[27083]"
0.16794,51.06142,"East-bound, E","[18823]"
-1.47117,50.99811,"East bound","[18837]"
-2.58986,54.19722,"W","[3640]"
-2.09531,52.54950,"S","[24158]"
-0.23433,51.49125,"O","[22555]"
-0.41475,51.48067,"W","[21249]"
0.50247,52.91033,"S","[18695]"
-1.49719,53.80142,"W","[10479]"
-1.04564,50.80636,"db","[22552]"
-0.91672,51.43953,"db","[24160]"
-1.81528,53.77242,"W","[11110]"
-1.82861,53.77044,"O","[11109]"
-2.95022,50.88750,"N, bs (?)","[24155]"
-1.49667,53.59292,"db","[11106]"
-2.11439,52.56342,"N","[24156]"
-0.29733,51.60250,"S","[11105]"
-2.59331,54.19844,"S","[11104]"
-3.08069,53.37039,"W","[11343]"
-2.85072,53.19419,"W","[11351]"
-0.39386,51.51392,"W","[12068]"
-1.79333,53.61525,"db","[36621]"
-5.15958,50.16414,"[13367]","[13367]"
-5.09856,50.26444,"[13368]","[13368]"
-5.06447,50.25878,"[13369]","[13369]"
-4.29239,50.42228,"bs","[13370]"
-0.29425,51.49139,"O","[26586]"
-4.04758,50.35247,"bs","[13373]"
-4.12853,50.41189,"S","[13374]"
-4.10833,50.37653,"S","[13375]"
-4.10189,50.38258,"N","[13376]"
-4.10950,50.43622,"S","[13377]"
-4.08900,50.38847,"bs","[13378]"
-4.06839,50.37853,"over the A38 bridge, S","[13379]"
-3.47636,50.56567,"bs","[13381]"
-3.50264,50.69358,"N","[13383]"
-4.10317,51.09339,"NW","[13385]"
-4.06839,51.70511,"bs","[13387]"
-3.96403,51.63572,"[13389]","[13389]"
-3.96094,51.63503,"W","[13390]"
-0.02817,51.54247,"N","[13391]"
-3.27764,51.42233,"bs","[13393]"
-3.22617,51.52189,"bs","[13394]"
-3.36456,51.60833,"bs","[13395]"
-3.32842,51.62075,"N","[13396]"
-3.25536,51.56567,"[13397]","[13397]"
-3.15244,51.03908,"[13398]","[13398]"
-3.00281,51.18272,"S, bs (?)","[13401]"
-3.18053,51.50408,"bs","[13402]"
-2.93658,51.15617,"bs","[13403]"
-2.83217,51.29183,"S","[13405]"
-1.99664,52.38911,"SW","[24162]"
-2.52792,51.16422,"bs","[13408]"
-2.67267,51.48614,"W","[13409]"
-2.65528,51.45800,"NW, bs (?)","[13410]"
-2.57003,51.50908,"W","[13411]"
-2.56978,51.53014,"S","[13412]"
-2.56956,51.53122,"N","[13413]"
-2.56847,51.50911,"O","[13414]"
-2.54292,51.57536,"turnable","[13416]"
-2.36522,51.73050,"S","[13417]"
-2.32514,51.77056,"bs","[13418]"
-2.23894,51.84267,"bs","[13419]"
-3.24600,53.30583,"[13420]","[13420]"
-2.50261,52.69242,"[13423]","[13423]"
-2.98253,53.34144,"N","[13424]"
-2.96128,53.30839,"db","[13425]"
-2.74656,53.28022,"[13426]","[13426]"
-3.01147,53.46547,"O","[13427]"
-3.01036,53.46556,"W","[13428]"
-2.99050,53.47250,"[13430]","[13430]"
-2.99083,53.80058,"SO","[13431]"
-2.98756,53.79822,"SO","[13432]"
-3.02408,53.87636,"S","[13433]"
-2.97256,53.47958,"NO","[13434]"
-2.97036,53.48022,"SW","[13435]"
-2.96694,53.63000,"N","[13436]"
-2.92197,53.59533,"N","[13437]"
-2.90450,53.55903,"S (?)","[13438]"
-2.78156,53.54600,"W","[13440]"
-2.77175,53.54519,"W","[13441]"
-2.96450,53.85239,"SO","[13442]"
-2.89478,53.81386,"N","[13443]"
-2.74625,53.85133,"N","[13444]"
-2.61925,53.13072,"O, bs (?)","[13445]"
-2.61389,53.12783,"N, bs (?)","[13446]"
-2.58797,53.23219,"O","[13448]"
-2.58583,53.23294,"W","[13449]"
-2.57686,53.35208,"N","[13450]"
-2.52914,53.39836,"O","[13451]"
-2.46269,53.05800,"[13452]","[13452]"
-2.42428,53.05794,"[13453]","[13453]"
-2.23692,53.02867,"db","[13454]"
-2.25867,53.42197,"N","[13455]"
-2.25831,53.42219,"S","[13456]"
-2.25483,53.42594,"N","[13457]"
-2.70211,53.59242,"[13458]","[13458]"
-2.64933,53.65564,"W","[13459]"
-2.56197,53.57697,"NW","[13460]"
-2.56106,53.57636,"SO","[13461]"
-2.53286,53.56281,"SO","[13462]"
-2.67781,53.78206,"N","[13463]"
-2.63983,53.70444,"N","[13465]"
-2.63769,53.68189,"S","[13466]"
-2.65950,53.74533,"W","[13467]"
-2.72469,53.81125,"S","[13468]"
-2.63850,53.79133,"S","[13469]"
-2.49956,53.79794,"NO","[13471]"
-2.47178,53.53836,"S","[13473]"
-2.47175,53.54011,"N","[13474]"
-2.38197,53.43478,"W","[13476]"
-2.42019,53.59811,"W","[13477]"
-2.31703,53.43319,"[13478]","[13478]"
-2.24406,53.44136,"S","[13481]"
-2.29597,53.66453,"NW","[13482]"
-2.28719,53.73456,"N","[13483]"
-2.26875,53.74939,"SW","[13485]"
-5.90750,54.55028,"S, ausgebrannt","[13486]"
-4.33869,55.76944,"N","[13487]"
-4.32781,55.82272,"O","[13490]"
-2.85592,54.38100,"[13493]","[13493]"
-3.41778,55.94000,"bs","[13495]"
-3.30914,55.94094,"O","[13497]"
-3.30278,55.94139,"W","[13498]"
-3.26544,55.91197,"NO","[13500]"
-3.25686,55.91978,"NO","[13501]"
-3.10969,55.94958,"W","[13503]"
-2.17772,50.68306,"bs","[13504]"
-1.92742,50.75753,"N","[13505]"
-1.90003,50.79458,"bs","[13507]"
-1.82700,50.84083,"bs","[13508]"
-1.56806,50.79381,"[13509]","[13509]"
-1.30428,50.71708,"[13512]","[13512]"
-1.89231,51.16881,"[13515]","[13515]"
-2.23247,51.86281,"bs","[13516]"
-2.22264,51.85592,"N","[13517]"
-2.21478,51.86236,"db","[13518]"
-2.08992,51.90858,"N","[13519]"
-1.98161,51.73111,"S","[13520]"
-1.35428,51.76217,"O","[13524]"
-1.26439,51.67447,"W","[13525]"
-1.27967,51.81111,"db","[13526]"
-1.08694,50.80944,"north-bound","[13527]"
-0.34047,51.48247,"O","[21800]"
-0.83572,50.79075,"[13530]","[13530]"
-0.66606,50.80136,"S","[13531]"
-0.71858,51.05481,"[13532]","[13532]"
-0.41639,50.84111,"O","[13533]"
-0.26214,51.01669,"[13535]","[13535]"
-1.00450,51.46144,"O","[13536]"
-2.95233,52.79942,"SO","[24159]"
-0.96833,51.39456,"W","[13538]"
-0.96439,51.39386,"E","[13539]"
-0.92344,51.44072,"db","[13540]"
-0.88608,51.43278,"S","[13542]"
-0.88225,51.43100,"N","[13543]"
-0.86525,51.42328,"O","[13544]"
-0.85994,51.42119,"W","[13545]"
-0.75489,51.51919,"bs","[13546]"
-0.71800,51.51167,"S","[13548]"
-0.71653,51.50986,"N","[13549]"
-0.69072,51.49458,"bs","[13550]"
-0.64808,51.52022,"O","[13551]"
-0.64161,51.52017,"W","[13552]"
-0.63311,51.48472,"W","[13553]"
-0.63072,51.48444,"O","[13554]"
-0.57522,51.51175,"db","[13556]"
-0.57025,51.51692,"db","[13557]"
-0.25003,51.26936,"N","[13558]"
-0.43178,51.40844,"N","[13560]"
-0.49186,51.52744,"bs","[13562]"
-0.46531,51.53522,"W","[13563]"
-0.44892,51.53078,"N","[13564]"
-0.44189,51.52781,"[13565]","[13565]"
-0.40006,51.47658,"W","[13569]"
-0.27467,51.37361,"db","[13573]"
-0.35733,51.44678,"bs","[13574]"
-0.35431,51.48036,"O","[13575]"
-0.34956,51.48117,"W","[13576]"
-0.34922,51.45053,"O","[13577]"
-0.34725,51.45125,"W","[13578]"
-0.31558,51.45942,"S","[13579]"
-0.31092,51.46264,"N","[13580]"
-0.33075,51.49503,"O","[13581]"
-0.32497,51.49272,"S","[13582]"
-0.31933,51.48594,"O","[13583]"
-0.31750,51.53281,"O","[13584]"
-0.27197,51.47175,"N","[13585]"
-0.26481,51.47628,"S","[13586]"
-0.25708,51.43369,"N","[13587]"
-0.30231,51.53106,"W","[13589]"
-0.30261,51.53117,"O","[13590]"
-0.29064,51.49200,"O","[13596]"
-0.28531,51.49250,"W","[13597]"
-0.28214,51.49622,"N","[13598]"
-0.26872,51.52467,"db","[13599]"
-0.61492,51.54933,"S","[13601]"
-0.50419,51.87475,"SO","[13603]"
-0.50456,51.79033,"bs","[13604]"
-0.50361,51.87442,"NW","[13605]"
-0.54169,51.90047,"db","[13606]"
-0.37628,51.60306,"db","[13607]"
-0.37497,51.63308,"[13608]","[13608]"
-0.48817,51.77889,"N","[13609]"
-0.46533,51.74856,"SW","[13610]"
-0.46064,51.74981,"O","[13611]"
-0.45714,51.76047,"NO","[13612]"
-0.45339,51.76281,"SW","[13613]"
-0.44361,51.75039,"SW","[13614]"
-0.44114,51.75164,"NO","[13615]"
-0.41692,51.74386,"SO","[13617]"
-0.41383,51.74311,"NW","[13618]"
-0.41211,51.74281,"SO","[13619]"
-0.29661,51.60089,"N","[13624]"
-0.26364,51.54878,"N","[13625]"
-0.25733,51.55250,"O","[13626]"
-0.25350,51.55792,"S","[13627]"
-0.30589,51.67992,"NW","[13628]"
-0.30314,51.67886,"SO","[13629]"
-0.29842,51.67228,"S","[13630]"
-0.29706,51.67114,"N","[13631]"
-0.26194,51.75708,"NO","[13632]"
-0.25722,51.75872,"SW","[13633]"
-0.49144,51.78056,"S","[13634]"
-0.39128,51.90669,"SW","[13635]"
-0.35633,51.83839,"bs","[13636]"
-0.35506,51.83722,"bs","[13637]"
-2.13228,52.43483,"[13638]","[13638]"
-2.13222,52.43528,"[13639]","[13639]"
-2.10683,52.47886,"bs","[13640]"
-2.10667,52.48228,"bs","[13641]"
-2.00828,52.47719,"SO","[13642]"
-2.00258,52.47381,"NW","[13644]"
-1.99400,52.46983,"SO","[13645]"
-1.99081,52.46836,"NW","[13646]"
-1.99044,52.46467,"W","[13647]"
-1.88475,52.24411,"bs","[13648]"
-1.88383,52.24014,"bs","[13649]"
-1.88189,52.23525,"bs","[13650]"
-1.97608,52.40786,"NO","[13651]"
-1.97600,52.40761,"SW","[13652]"
-1.96861,52.42019,"N","[13653]"
-1.95542,52.42522,"SW","[13655]"
-1.97783,52.46703,"W","[13656]"
-1.94822,52.43217,"SW","[13657]"
-1.94847,52.43222,"NO","[13658]"
-1.92469,52.48122,"NO","[13659]"
-1.92447,52.48114,"SW","[13660]"
-1.91892,52.45008,"NO","[13661]"
-1.91781,52.45044,"SW","[13662]"
-1.90803,52.46947,"SO","[13663]"
-1.90592,52.46828,"NW","[13664]"
-1.89436,52.46536,"NW","[13665]"
-1.89444,52.46556,"SO","[13666]"
-1.88892,52.46369,"NW","[13667]"
-1.80003,52.38692,"SO","[13668]"
-1.82011,52.46214,"W","[13669]"
-1.80825,52.46169,"O","[13670]"
-1.79800,52.38550,"[13672]","[13672]"
-1.79422,52.38350,"SO","[13673]"
-1.79258,52.38247,"NW","[13674]"
-1.79689,52.45764,"O","[13675]"
-1.79467,52.45539,"NW","[13676]"
-1.77586,52.45128,"W","[13677]"
-1.75942,52.45006,"[13679]","[13679]"
-1.74683,52.44581,"W","[13680]"
-2.18131,52.60400,"SO","[13681]"
-2.17656,52.60233,"NW","[13682]"
-2.11158,52.56081,"S","[13684]"
-2.12789,52.62503,"N","[13685]"
-2.12808,52.62411,"S","[13686]"
-2.12011,52.71589,"N","[13687]"
-2.11622,52.72281,"S","[13688]"
-2.04961,52.51122,"O","[13689]"
-2.04692,52.51058,"W","[13690]"
-2.10469,52.55614,"NW","[13691]"
-0.03544,51.64083,"N","[22562]"
-2.07450,52.56456,"SW","[13693]"
-2.04286,52.50936,"O","[13694]"
-2.03806,52.50683,"NW","[13695]"
-2.03336,52.53450,"S","[13696]"
-2.03214,52.54392,"N","[13697]"
-2.02714,52.53103,"W","[13698]"
-2.02003,52.53022,"O","[13699]"
-2.01192,52.52675,"W","[13700]"
-2.01033,52.52642,"O","[13701]"
-1.99136,52.52678,"N","[13702]"
-1.98706,52.53206,"S","[13703]"
-2.03081,52.55242,"S","[13704]"
-2.09167,52.62058,"NO","[13707]"
-2.09133,52.62489,"S","[13708]"
-2.08042,52.65092,"N","[13711]"
-2.07714,52.65375,"bs","[13712]"
-2.10886,52.76053,"S","[13713]"
-2.18928,52.94361,"S","[13714]"
-2.18881,52.94200,"S","[13715]"
-2.18814,52.94028,"N","[13716]"
-2.10778,52.75711,"N","[13717]"
-2.07792,52.78125,"N","[13718]"
-2.07736,52.81431,"SW","[13719]"
-2.03197,52.83797,"N","[13722]"
-2.08306,52.86683,"SO","[13723]"
-2.07897,52.86347,"N","[13724]"
-2.07706,52.86022,"NW","[13725]"
-2.03817,52.84525,"SO","[13726]"
-1.96061,52.49592,"O","[13727]"
-1.95917,52.54231,"NW","[13728]"
-1.95783,52.54253,"SO","[13729]"
-1.94939,52.54369,"O","[13730]"
-1.94761,52.54386,"W","[13731]"
-1.94025,52.54522,"O","[13732]"
-1.93892,52.54522,"W","[13733]"
-1.92267,52.53739,"NW","[13734]"
-1.92261,52.53758,"SO","[13735]"
-1.98211,52.54772,"bs","[13736]"
-1.97975,52.55067,"N","[13737]"
-1.97803,52.55186,"S","[13738]"
-1.97561,52.55450,"S","[13739]"
-1.91450,52.53206,"SO","[13744]"
-1.90086,52.52106,"N","[13745]"
-1.89542,52.55989,"N","[13746]"
-1.93808,52.65633,"O","[13747]"
-1.93322,52.65625,"O","[13748]"
-1.93292,52.65614,"W","[13749]"
-1.92689,52.65619,"W","[13750]"
-1.92692,52.65628,"O","[13751]"
-1.91881,52.65622,"O","[13752]"
-1.91775,52.65614,"W","[13753]"
-1.79025,52.52508,"NO","[13754]"
-1.78719,52.52606,"SW","[13755]"
-1.98147,52.78822,"SO","[13759]"
-1.97750,52.78569,"NW","[13760]"
-1.97219,52.78289,"S","[13761]"
-1.94692,52.77247,"SO","[13763]"
-1.93128,52.75292,"bs","[13764]"
-1.92447,52.74808,"bs","[13765]"
-1.92350,52.74689,"bs","[13766]"
-1.77214,52.85108,"NO","[13767]"
-1.76994,52.85575,"SW","[13768]"
-1.76839,52.85956,"NO","[13769]"
-1.76736,52.86117,"SW","[13770]"
-1.55622,52.39667,"[13771]","[13771]"
-1.54642,52.39022,"SO","[13772]"
-1.54142,52.38858,"db","[13773]"
-1.52519,52.38256,"SO","[13774]"
-1.52206,52.38111,"db","[13775]"
-1.49694,52.39872,"S","[13776]"
-1.49614,52.39697,"N","[13777]"
-1.33175,52.04689,"bs","[13778]"
-1.46739,52.41489,"bs","[13779]"
-1.72383,52.61931,"O","[13780]"
-1.71750,52.61814,"W","[13781]"
-1.71375,52.61742,"O","[13782]"
-1.60122,52.80308,"W","[13784]"
-1.57644,52.79425,"SO","[13785]"
-1.50936,52.76747,"W","[13786]"
-1.46514,52.89581,"O, randaliert","[13787]"
-1.44917,52.89189,"bs","[13788]"
-1.44158,52.89258,"O","[13789]"
-1.43756,52.89333,"W","[13790]"
-1.43311,52.89431,"W","[13791]"
-1.28469,52.83878,"SO","[13792]"
-2.22417,52.99131,"N, bs (?)","[13793]"
-2.22367,52.99697,"S, bs (?)","[13794]"
-2.22325,52.99797,"N, bs (?)","[13795]"
-2.22242,52.98761,"S, bs (?)","[13796]"
-2.22239,52.99997,"S, bs (?)","[13797]"
-2.21558,53.00211,"NW","[13798]"
-2.20217,52.97397,"N","[13799]"
-2.20153,52.97608,"S","[13800]"
-2.20017,52.96881,"S","[13801]"
-2.20103,53.02067,"[13804]","[13804]"
-2.19558,53.02300,"SW","[13805]"
-2.19583,53.02306,"NO","[13806]"
-2.11267,53.02108,"W","[13811]"
-2.19214,53.17189,"W","[13812]"
-2.07342,53.02639,"W","[13813]"
-2.09594,53.16086,"[13814]","[13814]"
-2.09311,53.15914,"[13815]","[13815]"
-2.05472,53.08925,"O","[13816]"
-2.04797,53.08939,"W","[13817]"
-2.04164,53.09086,"SW","[13818]"
-2.14692,53.24511,"N","[13819]"
-2.22522,53.38836,"N","[13820]"
-1.91100,53.05972,"SO","[13822]"
-1.91061,53.05939,"NW","[13823]"
-1.80058,53.02997,"SO","[13824]"
-1.79658,53.02789,"NW","[13825]"
-1.94789,53.38083,"S","[13826]"
-1.94500,53.37692,"N","[13827]"
-2.12147,53.48042,"NO","[13828]"
-2.11833,53.48125,"SW","[13829]"
-2.14367,53.54994,"N","[13832]"
-2.13256,53.55703,"O","[13834]"
-2.04644,53.49333,"S","[13835]"
-2.01708,53.46236,"S","[13836]"
-1.76047,53.58122,"NO","[13837]"
-1.75678,53.57850,"S","[13838]"
-1.78867,53.61206,"DB","[13839]"
-1.92458,53.84139,"[13840]","[13840]"
-1.92097,53.84606,"S","[13841]"
-1.92064,53.84647,"N","[13842]"
-1.78056,53.66903,"DB","[13843]"
-1.77711,53.67581,"DB","[13844]"
-1.81517,53.82608,"W","[13851]"
-1.81386,53.82622,"O","[13852]"
-1.80897,53.82581,"S","[13853]"
-1.80767,53.82342,"[13854]","[13854]"
-1.80483,53.81933,"N","[13855]"
-1.68864,53.21839,"O","[13856]"
-1.67897,53.21681,"bs","[13857]"
-1.53058,53.38683,"O","[13858]"
-1.52361,53.38883,"W","[13860]"
-1.52200,53.42311,"[13861]","[13861]"
-1.49292,53.42486,"[13862]","[13862]"
-1.48267,53.06186,"SO","[13863]"
-1.33947,53.00422,"SO","[13865]"
-1.33300,53.00078,"S","[13866]"
-1.32933,52.99783,"NW","[13867]"
-1.32103,52.99200,"S","[13868]"
-1.31917,52.98878,"N","[13869]"
-1.31758,52.98608,"N","[13870]"
-1.40842,53.25292,"W","[13871]"
-1.45089,53.38481,"W","[13873]"
-1.42017,53.36522,"S","[13874]"
-1.41922,53.36650,"N","[13875]"
-1.41206,53.37908,"N","[13876]"
-1.34922,53.23664,"NO","[13878]"
-0.01081,51.50728,"W","[22561]"
-1.33017,53.27139,"O","[13880]"
-1.32103,53.27531,"bs","[13881]"
-1.31750,53.27678,"W","[13882]"
-1.32422,53.42425,"db","[13883]"
-1.29958,53.34547,"db","[13884]"
-1.28558,53.42092,"db","[13885]"
-1.68214,53.50067,"O","[13886]"
-1.67778,53.50067,"W","[13887]"
-1.66497,53.54994,"SO","[13888]"
-1.64592,53.49458,"O","[13889]"
-1.64411,53.49442,"W","[13890]"
-1.61869,53.59439,"SW","[13891]"
-1.61419,53.59772,"NO","[13892]"
-1.55250,53.44939,"[13893]","[13893]"
-1.51169,53.59539,"SO","[13894]"
-1.48928,53.58494,"S, bs (?)","[13895]"
-1.71922,53.68386,"W","[13896]"
-0.01333,51.50722,"O","[22560]"
-1.70136,53.67656,"O","[13898]"
-1.70122,53.82925,"W","[13901]"
-1.69656,53.82972,"O","[13902]"
-1.67486,53.82592,"O","[13903]"
-1.68064,53.85006,"SO","[13904]"
-1.67686,53.84914,"NW","[13905]"
-1.67153,53.82553,"W","[13906]"
-1.66353,53.84106,"N","[13907]"
-1.66031,53.83853,"N","[13908]"
-1.65461,53.83558,"NW","[13909]"
-1.62283,53.80369,"NO","[13910]"
-1.63011,53.82972,"NW","[13911]"
-1.62347,53.82664,"SO","[13912]"
-1.61547,53.82344,"W","[13913]"
-1.66581,53.84428,"[13915]","[13915]"
-1.55753,53.76631,"bs","[13918]"
-1.60906,53.82208,"W","[13919]"
-1.60967,53.80331,"O","[13921]"
-1.54008,53.81831,"S","[13922]"
-1.53792,53.80072,"bs","[13923]"
-1.51494,53.79764,"O","[13924]"
-1.51431,53.79750,"W","[13925]"
-1.49992,53.81997,"NO","[13926]"
-1.49981,53.81978,"SW","[13927]"
-1.53797,53.84389,"S","[13930]"
-1.46353,53.45478,"bs","[13931]"
-1.43103,53.54622,"bs","[13932]"
-1.42722,53.53803,"NW","[13933]"
-1.41889,53.51494,"N","[13934]"
-1.47528,53.55353,"S","[13935]"
-1.44856,53.55614,"W","[13936]"
-1.36164,53.43597,"bs","[13937]"
-1.27256,53.46753,"NO Front","[13938]"
-1.48250,53.80356,"O","[13939]"
-1.48111,53.80381,"W","[13940]"
-1.23864,52.09250,"bs","[13941]"
-1.10422,52.06992,"bs","[13942]"
-0.93986,52.25514,"bs","[13943]"
-1.23422,52.91122,"db","[13945]"
-1.23297,52.91303,"db","[13946]"
-1.20836,52.93514,"W","[13947]"
-1.20800,52.93517,"O","[13948]"
-1.19556,52.93414,"SW","[13949]"
-1.19608,52.93408,"NO","[13950]"
-1.16097,52.93211,"[13951]","[13951]"
-0.71008,52.32919,"bs","[13952]"
-0.70119,52.48261,"NO","[13953]"
-0.49317,52.42303,"SW","[13954]"
-0.35739,52.71169,"bs","[13955]"
-0.25150,52.58036,"N","[13959]"
-0.76486,53.38033,"bs","[13961]"
-1.16875,53.54097,"SO, Front, destroyed(?)","[13962-]"
-0.36419,53.79106,"bs","[13965]"
-0.10975,50.86358,"bs","[13967]"
-0.24461,51.35167,"db","[13973]"
-0.24417,51.35000,"db","[13974]"
-0.21069,51.32194,"near Burgh Wood, db","[13975]"
-0.20986,51.35308,"N","[13976]"
-0.18686,51.39628,"db","[13979]"
-0.23897,51.44308,"W","[13980]"
-0.22892,51.44597,"O","[13981]"
-0.21961,51.44997,"O","[13982]"
-0.24628,51.48967,"bs","[13983]"
-0.24219,51.51428,"O","[13984]"
-0.23325,51.51458,"W","[13985]"
-0.17333,51.44939,"N","[13986]"
-0.15528,51.50869,"N","[13987]"
-0.11569,51.35361,"db","[13988]"
-0.10636,51.37086,"N","[13989]"
-0.04289,51.35483,"O","[13990]"
-3.32564,51.42261,"bs","[13991]"
-0.01642,51.53064,"N","[13992]"
-0.01219,51.52833,"S","[13993]"
-0.01053,51.52056,"N","[13994]"
-0.01031,51.52194,"S","[13995]"
-0.00878,51.51522,"N","[13996]"
-0.00864,51.51539,"S","[13997]"
0.04108,51.44111,"O","[13999]"
0.06956,51.43342,"O","[14005]"
0.07069,51.51311,"N","[14007]"
0.07078,51.51036,"N","[14008]"
-1.76806,53.82031,"[51902-]","[51902-]"
0.17019,51.41853,"N","[14013]"
0.20658,51.43803,"O","[14019]"
0.22278,51.43783,"W","[14020]"
-0.22328,51.57878,"SO","[14024]"
-0.21622,51.57783,"N","[14026]"
-0.21622,51.57767,"SW","[14027]"
-0.21142,51.57239,"N","[14028]"
-0.21086,51.57208,"S","[14029]"
-0.17556,51.58511,"O","[14030]"
-0.16044,51.58189,"bs","[14033]"
-0.11589,51.65333,"bs","[14034]"
-0.08650,51.61203,"[14037]","[14037]"
-0.08203,51.62267,"S","[14038]"
-0.06417,51.63928,"N","[14039]"
-0.06097,51.64222,"S","[14040]"
-0.05975,51.59072,"N","[14041]"
-0.04986,51.60283,"N","[14042]"
-0.02883,51.54833,"N","[14043]"
-0.05981,51.65453,"N","[14044]"
-0.05947,51.65583,"S","[14045]"
-0.04567,51.61906,"N","[14046]"
-0.04403,51.62236,"bs","[14047]"
-0.04250,51.62547,"N","[14048]"
-0.03100,51.64661,"bs","[14049]"
-0.02931,51.66092,"S","[14050]"
-0.02925,51.65161,"[14051]","[14051]"
-0.20175,51.82067,"S","[14053]"
-0.19675,51.81742,"W","[14054]"
-0.19717,51.84058,"NO","[14055]"
-0.18922,51.84517,"N","[14056]"
-0.18781,51.84633,"opposite junction with Mardley Wood, Southbound","[14057]"
-0.18161,51.85356,"S","[14058]"
-0.21364,51.92083,"S","[14059]"
-0.21303,51.91986,"N","[14060]"
-0.03978,51.80719,"[14064]","[14064]"
-0.02067,51.79997,"Southbound","[14065]"
-0.01750,51.79275,"[14066]","[14066]"
0.00578,51.57906,"W","[14067]"
0.00636,51.57892,"O","[14068]"
0.00667,51.58639,"db","[14069]"
0.01150,51.57697,"O","[14070]"
0.01394,51.57492,"W","[14071]"
0.03392,51.57694,"O","[14072]"
0.05508,51.57631,"W","[14073]"
0.05547,51.57644,"O","[14074]"
0.07475,51.57511,"O","[14076]"
0.07514,51.57489,"W","[14077]"
0.09600,51.57628,"W","[14078]"
0.10339,51.58000,"O","[14079]"
0.08461,51.75278,"W","[14080]"
0.10819,51.75436,"Both side","[14081]"
0.11756,51.77683,"[14083]","[14083]"
0.21608,51.59075,"W","[14084]"
0.12722,51.75853,"[14085]","[14085]"
0.26728,51.44672,"O","[14090]"
0.28333,51.50247,"O, Front + Heck","[14091]"
0.31942,51.48506,"[14092]","[14092]"
0.50789,51.34806,"N","[14093]"
0.54942,51.39658,"O","[14094]"
0.55778,51.39453,"db","[14095]"
0.57158,51.39111,"W","[14096]"
0.64928,51.35536,"W","[14097]"
0.71775,51.53844,"N","[14098]"
0.71806,51.53789,"S","[14099]"
0.25833,51.86864,"[14100]","[14100]"
0.50944,51.59781,"NO","[14102]"
0.51322,51.59903,"SW","[14103]"
0.63567,51.56942,"SO","[14104]"
0.63581,51.56917,"NW","[14105]"
0.64569,51.56489,"O","[14106]"
0.66014,51.56286,"O","[14108]"
0.69097,51.55936,"O","[14109]"
0.75608,51.87711,"W","[14110]"
0.89878,51.88664,"W","[14111]"
1.32903,51.37817,"O","[14113]"
1.39228,51.36944,"N","[14114]"
-0.18425,52.55119,"bs","[14117]"
-0.15147,52.56031,"bs","[14118]"
0.14550,52.65219,"bs","[14121]"
-0.18667,52.96819,"bs","[14123]"
-0.11303,52.97572,"O","[14124]"
-0.10875,52.97539,"W","[14125]"
-0.02111,52.97722,"N","[14126]"
-0.01778,52.97889,"S","[14127]"
0.00611,53.09744,"bs","[14128]"
0.03694,52.98558,"bs","[14129]"
0.05731,52.99061,"bs","[14130]"
0.15250,53.04661,"S","[14132]"
1.25953,52.64600,"N","[14136]"
1.28906,52.65617,"O","[14137]"
1.43472,52.55583,"beidseitig","[14138]"
1.72803,52.63019,"S","[14139]"
-1.77686,53.92158,"O","[14140]"
-1.77147,53.92067,"W","[14141]"
-1.76994,53.92092,"O","[14142]"
-1.76500,53.92081,"W","[14143]"
-1.59081,54.98850,"O","[14145]"
-1.58969,54.98878,"[14146]","[14146]"
-1.57486,54.95764,"db","[14147]"
-1.22347,54.65542,"db","[14148]"
-2.18853,57.18169,"SO","[14150]"
-2.15944,57.17472,"W","[14151]"
-2.15386,57.17397,"E","[14152]"
-2.13447,57.17225,"W","[14153]"
-2.11928,57.11778,"N","[14154]"
-2.13167,52.61528,"S","[14847]"
-1.81747,53.81597,"[51901-]","[51901-]"
-2.54778,53.76961,"W","[14260]"
-2.34931,53.50656,"east-bound","[14268]"
-2.34875,53.50625,"west-bound","[14269]"
-0.11669,51.34119,"N","[22559]"
-2.79475,54.01236,"db","[14276]"
-1.89839,50.72333,"W, bs (?)","[14286]"
-1.87261,50.72403,"bs","[14288]"
-0.13942,51.39231,"db","[23342]"
-1.34383,51.60028,"W","[14311]"
-1.02347,51.51047,"S","[14313]"
-1.11533,51.62025,"S","[14314]"
-0.41147,51.48864,"N","[14322]"
-0.41119,51.48867,"S","[14323]"
-0.40389,51.51064,"S","[14324]"
-2.07139,52.44008,"NO","[23341]"
-0.73497,52.44119,"N","[14421]"
0.12750,51.60958,"N","[14481]"
-2.13217,52.61389,"N","[14798]"
-0.99961,51.86578,"O","[14597]"
-1.65806,52.44339,"W, road works","[14622]"
-1.82906,52.46289,"W","[22558]"
-2.89136,51.60961,"bs","[14839]"
-2.89544,53.21683,"db","[14841]"
-2.71328,53.08567,"O","[14846]"
-3.56383,54.57639,"[14852]","[14852]"
-3.56153,54.57711,"[14853]","[14853]"
-2.16986,53.51331,"N","[14875]"
-2.15042,53.53919,"S","[14876]"
-1.78028,53.66383,"N, db (?)","[14893]"
-1.55878,53.13167,"SW","[14897]"
-1.65306,53.80808,"[14900]","[14900]"
-1.53831,53.84386,"N","[14906]"
1.00022,51.85703,"N","[14923]"
-0.20944,51.26833,"near corner Stubbs Lane, db","[12924]"
-1.96611,52.77889,"[10423]","[10423]"
0.47472,50.84667,"Westbound","[15311]"
-1.72769,53.64303,"[29586-]","[29586-]"
-3.29436,51.41061,"west-bound","[1387]"
-2.20917,53.43000,"[16388]","[16388]"
-1.88333,52.53289,"[16391]","[16391]"
-1.77167,52.62872,"[16394]","[16394]"
-2.02425,53.44911,"N","[16395]"
-0.02608,51.53933,"[16396]","[16396]"
0.12025,51.61436,"S","[16397]"
0.13133,51.60694,"[16398]","[16398]"
-0.38994,51.05781,"east-bound","[4637]"
-1.56542,50.96267,"Westbound","[17267]"
-1.56753,50.96344,"Eestbound","[17268]"
-2.09542,52.54944,"N","[24157]"
0.65700,51.56303,"W","[14635]"
-0.34056,52.69917,"So","[17673]"
-1.76306,52.62661,"[17359]","[17359]"
13.42913,54.67696,"[31313-]@30","[31313-]"
-1.65306,53.80817,"[20009]","[20009]"
0.12472,51.61167,"N","[18485]"
-1.46572,50.99744,"West bound","[18838]"
-0.14797,51.30472,"db","[36802]"
-0.24561,51.56692,"SW","[19099]"
-1.81417,52.52800,"O","[19100]"
-1.80989,52.52525,"N","[19101]"
-0.24561,51.56708,"NO","[19124]"
-2.14008,53.45722,"W","[20243]"
-0.06406,51.63917,"S","[19526]"
0.11889,51.61519,"NW","[24803]"
-1.86822,52.46769,"NW","[19957]"
-0.22122,51.30069,"db","[21246]"
-0.20642,51.34844,"S","[21247]"
-2.67267,51.48631,"O","[19979]"
-2.99050,53.47236,"[19980]","[19980]"
-2.85592,54.38083,"[19986]","[19986]"
-0.44189,51.52769,"[19988]","[19988]"
-0.37497,51.63322,"[19992]","[19992]"
-1.55600,52.39667,"[19993]","[19993]"
-2.20103,53.02050,"[19994]","[19994]"
-1.92442,53.84139,"[19995]","[19995]"
-1.80758,53.82342,"[19996]","[19996]"
-1.49275,53.42486,"[19997]","[19997]"
-1.66569,53.84428,"[19999]","[19999]"
-1.60906,53.82225,"O","[20000]"
-1.16108,52.93211,"[20002]","[20002]"
-0.08628,51.61203,"[20004]","[20004]"
-0.02911,51.65161,"[20005]","[20005]"
-0.05358,51.67267,"db","[20006]"
0.10831,51.75447,"[20007]","[20007]"
-2.04053,53.50775,"on bend of road, just past the Cantonese restaurant, south-bound","[23116]"
-1.72608,53.64211,"NW","[29593]"
-1.78017,53.66575,"N","[29592]"
-2.08761,52.53556,"N","[29590]"
-1.78033,53.67061,"N","[29591]"
-0.17917,51.45514,"N","[22090]"
0.13678,51.80372,"S","[22122]"
0.13833,51.80489,"N","[22123]"
-2.86511,51.37439,"NO, bs (?)","[22216]"
0.13164,51.41892,"N, db (?)","[36622]"
0.27033,51.65919,"S","[22675]"
-2.09458,53.48597,"W","[23154]"
-2.29625,53.49511,"SE","[23198]"
-1.92189,52.54594,"W","[23503]"
-1.91281,52.55122,"SW, just after Asda","[23504]"
-4.08714,50.36550,"S","[26585]"
-1.56703,53.76197,"S","[27086]"
-1.56619,53.76247,"NO","[27087]"
-0.03822,51.71161,"[37030]","[37030]"
-0.03828,51.71136,"[37029]","[37029]"
-1.70886,53.63472,"O","[29596]"
-3.05067,51.69719,"[27079-]","[27079-]"
-1.71819,53.63636,"SO","[29594]"
-1.56847,53.76083,"N","[27085]"
-1.56922,53.75900,"S","[27084]"
-0.08203,51.62300,"N","[25749]"
-1.80500,52.46100,"W","[27081]"
-2.67094,50.97300,"N, bs (?)","[27080]"
-1.97514,52.40881,"NO","[33940]"
-1.71428,53.63478,"W","[29595]"
-1.91019,50.80636,"O, bs (?)","[27475]"
-1.99889,52.39600,"[29242]","[29242]"
-1.82417,53.77122,"W","[29260]"
-1.82139,53.77181,"O","[29261]"
-1.70283,53.63375,"O","[33942]"
-1.72142,53.64022,"SO","[33941]"
-0.32194,51.33444,"N","[38492-]"
-2.77319,51.39400,"SW","[43219]"
-0.40889,51.74222,"NW","[50269]"
-1.62431,53.64103,"SW","[36861]"
-0.17556,51.58503,"W","[36731]"
-0.34047,51.48239,"W","[36735]"
-0.25194,51.43778,"W, Test-Anlage","[36740]"
0.42181,51.58436,"O","[36744]"
0.42756,51.58381,"W","[36745]"
-2.09247,52.62853,"S","[36860]"
-2.16778,53.51889,"S","[36778]"
-4.10500,51.09389,"E","[36851]"
-0.21450,51.36508,"N","[51170-]"
-1.76528,53.81667,"[54170-]","[54170-]"
-1.50703,53.81797,"[54171-]","[54171-]"
-0.25028,51.51394,"O","[37432]"
-1.00306,51.46122,"W","[37546]"
-1.61717,53.64447,"W, abgebaut","[37624]"
-1.25036,52.35183,"[49951-]","[49951-]"
-1.24769,52.35289,"[49952-]","[49952-]"
-2.14219,53.55192,"S","[40019]"
-1.97061,52.52972,"S, aufgrund einer Baustelle ","[65173-]"
-1.97078,52.52017,"S, aufgrund einer Baustelle","[65174-]"
-1.97522,52.51178,"SW","[65175-]"
-1.96103,52.54722,"SW, aufgrund einer Baustelle","[65176-]"
-3.12611,51.51242,"NO","[81608-]"
-2.49347,53.80200,"SW","[84090-]"
-1.32581,52.99686,"SE","[86166-]"
22.74372,47.92725,"[28773-]","[28773-]"
10.35306,43.59564,"W","[21971]"
11.39656,43.71533,"Rtg. S","[9657]"
11.50464,43.78475,"Rtg. W","[9711]"
13.51222,43.24836,"[25540]","[25540]"
11.44097,43.77111,"Rtg. NO","[15794]"
14.14586,40.91367,"LKW Fahrverbot(?)","[23559]"
13.51994,43.25172,"beidseitig","[25543]"
13.51581,43.25081,"[25542]","[25542]"
13.52286,43.25178,"[50178-]","[50178-]"
11.10708,46.14428,"[63573-]","[63573-]"
13.06258,42.40697,"[63596-]","[63596-]"
11.10394,46.13414,"[64119-]","[64119-]"
11.10769,46.13525,"[64120-]","[64120-]"
13.05567,42.40422,"[64267-]","[64267-]"
12.05764,45.54972,"[81876-]","[81876-]"
9.28489,45.21194,"[82010-]","[82010-]"
14.43217,42.12778,"[84191-]","[84191-]"
10.63981,45.94056,"[84310-]","[84310-]"
13.30217,38.18544,"[85256-]","[85256-]"
14.17625,42.43311,"[85314-]","[85314-]"
14.17178,42.42503,"[85315-]","[85315-]"
11.91442,45.65075,"[85427-]","[85427-]"
11.50147,45.60919,"[85470-]","[85470-]"
11.86569,45.44278,"[85687-]","[85687-]"
11.14725,43.47925,">centro poggibonsi","[85999-]"
8.68742,46.05786,"[86354-]","[86354-]"
9.17478,45.21319,"[86622-]","[86622-]"
21.12583,55.55222,"[44378-]","[44378-]"
25.25783,54.71639,"Höhe Paberzes gatve in Rtg. Nord (?)","[23118-]"
24.52281,54.57800,"[50781-]","[50781-]"
25.18972,54.76294,"[50782-]","[50782-]"
24.36861,55.22661,"[50783-]","[50783-]"
21.28228,55.78817,"[50784-]","[50784-]"
25.28067,54.69064,"[50786-]","[50786-]"
10.45056,59.92664,"south-bound","[1357]"
10.56469,59.90708,"N","[6666]"
10.45011,59.92692,"north-bound","[6730]"
10.25844,59.75897,"S","[6791]"
11.04111,59.94556,"W","[6803]"
9.75633,47.42400,"Rtg. Süden, hinter Hecke, teilstationär","[18798]"
16.33892,48.08461,"beidseitig","[2478]"
12.17856,47.58994,"drehbar","[64099]"
16.25775,48.11636,"drehbar, teilstationär, grüner Sockel","[19208]"
16.29575,48.09436,"beidseitig, teilstationär","[3868]"
16.26722,48.08100,"KM 19.7 in Rtg. Mödling","[5106]"
16.27111,48.08167,"KM 20.0 in Rtg. Gaaden","[5107]"
16.24706,48.09772,"km 4.2 in Rtg. Hinterbrühl","[5164]"
11.42125,47.28203,"Höhe Kalkofenweg, drehbar","[5322]"
11.43569,47.27433,"Höhe 'An-Der-Lan-Str.', beidseitig","[5327]"
16.35083,48.06381,"beidseitig","[2465]"
16.27306,48.11806,"beidseitig","[2827]"
9.75169,47.52833,"km 0.7, Höhe Polizei","[5393]"
16.47342,48.20225,"Rtg. SW","[5485]"
16.47903,48.25144,"Höhe Bushaltestelle, stadtauswärts","[5490]"
16.48661,48.25139,"stadteinwärts","[5491]"
16.49561,48.25119,"stadtauswärts, Attrappe(?)","[5492]"
16.29108,48.10381,"beidseitig","[5500]"
16.28844,48.07908,"[5502]","[5502]"
16.28208,48.11336,"drehbar","[5503]"
16.28889,48.12344,"Höhe Eurospar in Rtg. Ost","[5504]"
16.28175,48.12378,"drehbar, teilationär","[5505]"
16.28050,48.09814,"[5506]","[5506]"
16.28000,48.10458,"[5507]","[5507]"
16.28200,48.12153,"drehbar","[5508]"
16.29733,48.07692,"beidseitig","[5509]"
16.26808,48.09561,"[5510]","[5510]"
16.29639,48.10506,"teilstationär, Rtg. Bahnstr.","[5511]"
16.27794,48.10156,"teilstationär, beidseitig, grüner Sockel","[5599]"
16.27747,48.12569,"drehbar","[5600]"
16.30989,48.08272,"beidseitig","[5610]"
16.28831,48.12336,"Höhe BMW 'Zitta' in Rtg. Westen","[372]"
16.46906,48.19892,"Rtg. NO, evtl. teilstationär","[15323]"
9.81053,47.16128,"vor Fußgängerübergang in Rtg. Werdenbergerstr., teilstationär","[21295]"
9.63925,47.27547,"stadteinwärts, teilstationär, abgebaut 18.08.09","[19012]"
9.63722,47.28333,"teilstationär, beidseitig","[27027]"
16.27528,48.12194,"drehbar, teilstationär","[19205]"
16.27728,48.13047,"teilstationär, beidseitig","[19203]"
16.29167,48.12378,"Höhe Hofer, teilstationär, beidseitig, grüne Sockel","[9528]"
16.29761,48.10767,"teilstationär, drehbar","[5915]"
13.78286,47.91789,"Höhe Schule, stadteinwärts","[50665]"
13.79556,47.93731,"stadteinwärts, Höhe RAIKA","[50664]"
16.29583,48.07544,"Rtg. Nord","[3828]"
16.34942,48.08317,"beidseitig","[2477]"
16.35558,48.08239,"beidseitig","[2479]"
16.35208,48.08089,"beidseitig","[2480]"
16.32236,48.08542,"beidseitig","[2481]"
16.35600,48.07078,"beidseitig","[2483]"
16.27219,48.12378,"Rtg. Osten","[923]"
16.30119,48.12139,"Höhe Schönefeldtgasse, beidseitig, teilstationär","[2530]"
16.30217,48.11614,"Höhe Hamerlinggasse, beidseitig","[2532]"
16.29656,48.10894,"beidseitig","[2575]"
16.28756,48.10261,"beidseitig, teilstationär","[1768]"
13.02428,47.78039,"drehbar, Achtung Schule","[366]"
9.62597,47.26864,"teilstationär, beidseitig","[16696]"
9.62533,47.33933,"Rtg. Kommingen, teilstationär","[5560]"
16.35278,48.08514,"beidseitig","[6823]"
11.40444,47.18611,"Rtg. Westen","[15217]"
9.65028,47.27306,"teilstationär, beidseitig","[8563]"
9.64653,47.26992,"teilstationär, beidseitig","[8569]"
9.65278,47.27931,"teilstationär, beidseitig","[8570]"
9.64400,47.28111,"teilstationär, beidseitig","[8571]"
9.64497,47.27647,"Höhe Habsburgerstr., teilstationär, beidseitig","[8576]"
9.62925,47.27278,"teilstationär, beidseitig","[8652]"
9.62122,47.26675,"teilstationär, beidseitig","[8657]"
9.63072,47.27564,"teilstationär, beidseitig","[8653]"
16.28069,48.11722,"beidseitig, teilstationär","[19209]"
16.29583,48.08842,"Höhe Weyprechtgasse, drehbar","[15524]"
16.27281,48.10731,"beidseitig, teilstationär","[15569]"
9.64319,47.27533,"drehbar","[15658]"
16.26278,48.09628,"teilstationär, beidseitig","[15671]"
16.26561,48.10042,"teilstationär, beidseitig","[15672]"
16.28017,48.11889,"beidseitig, teilstationär","[15673]"
16.28972,48.12358,"beidseitig, teilstationär,grüner Sockel","[22343]"
16.26056,48.09944,"Höhe Mitteräckerstr., teilstationär, beidseitig","[15675]"
16.27833,48.12039,"beidseitig, teilstationär","[15740]"
16.27911,48.12114,"drehbar, teilstationär","[15741]"
9.63997,47.34111,"Rtg. Lastenstr., teilstationär","[15757]"
9.63281,47.27081,"teilstationär, Rtg. Ortsmitte","[3871]"
9.63117,47.33394,"ortseinwärts, teilstationär, hinter Zaun","[19514]"
11.26158,47.38794,"drehbar","[15787]"
9.75347,47.41619,"Rtg. Kehlerstraße, teilstationär","[16054]"
16.32903,48.08408,"OE aus Rtg. Biedermannsdorf","[16056]"
16.28389,48.12350,"Höhe Wilhelm Neuber-Gasse, drehbar, teilstationär","[16059]"
9.64261,47.27650,"teilstationär, beidseitig","[10085]"
9.58308,47.22075,"teilstationär, Rtg. Letzestr.","[17092]"
9.61306,47.35297,"zw. Exerzierplatz und Altenholz in Rtg. Exerzierplatz, teilstationär","[23048]"
16.27894,48.12386,"drehbar, teilationär","[15880]"
16.27597,48.12400,"beidseitig, teilstationär","[15881]"
9.73339,47.42239,"zw. Gutenbergstr. u. Wichnerstr. in Höhe Kirche, beidseitig, teilstationär","[6236]"
16.34775,48.08433,"beidseitig","[17602]"
9.61636,47.31189,"teilstationär, Rtg. Westen","[17607]"
16.27117,48.11972,"teilstationär, grüner Sockel","[19383]"
16.27219,48.12878,"drehbar, teilstationär","[6538]"
16.30408,48.08361,"Höhe Feuerwehr, teilstationär (?), drehbar","[18151]"
9.64367,47.34036,"teilstationär","[17577]"
9.61158,47.31247,"teilstationär, Rtg. Osten, abgebaut 07.09","[18421]"
16.33894,48.08572,"beidseitig","[18469]"
9.82286,47.15592,"Höhe Parkplatz in Rtg. Osten","[18478]"
9.65406,47.33358,"teilstationär, Rtg. Götznerberg","[18509]"
9.63808,47.33417,"Rtg. Süden, teilstationär","[18751]"
9.57886,47.23664,"teilstationär, Rtg. Kapfweg","[18857]"
16.25792,48.10969,"drehbar","[20167]"
11.49064,47.28025,"teilstationär, beidseitig","[22348]"
16.27333,48.12094,"drehbar","[19191]"
16.26792,48.09808,"teilstationär, beidseitig, grüner Sockel","[19261]"
16.27725,48.10531,"beidseitig, teilstationär, grüner Sockel","[19263]"
9.66333,47.33564,"teilstationär, aus Rtg. Meschach","[19766]"
12.15256,47.57267,"beidseitig","[19804]"
16.27692,48.12278,"drehbar, teilstationär","[22342]"
9.57725,47.23756,"teilstationär, Rtg. Egelseestr.","[20033]"
16.29519,48.09667,"drehbar, teilstationär","[20056]"
11.48956,47.27897,"teilstationär, beidseitig","[20134]"
11.50083,47.28400,"teilstationär, beidseitig, abgebaut(?)","[20135]"
11.51572,47.28158,"teilstationär, beidseitig","[20136]"
9.82494,47.14567,"NW, teilstationär","[20168]"
9.63981,47.27953,"teilstationär, Rtg. Süden","[20197]"
16.27219,48.11317,"teilstationär, beidseitig","[20226]"
16.26664,48.11258,"teilstationär, beidseitig","[20227]"
16.25753,48.11936,"Höhe Hyrtlallee, teilstationär, beidseitig","[20229]"
9.83172,47.15731,"Höhe Schwimmbad in Rtg. Zentrum","[21966]"
9.59794,47.33050,"Rtg. Süden, teilstationär","[21624]"
9.82136,47.15350,"teilstationär","[22129]"
9.83019,47.14986,"beidseitig, teilstationär","[22131]"
16.28211,48.09744,"teilstationär, drehbar","[22314]"
9.63603,47.33494,"drehbar","[22487]"
16.27517,48.12831,"teilstationär, beidseitig","[22703]"
16.29989,48.12006,"beidseitig, teilstationär, grüner Sockel","[22752]"
16.30028,48.12044,"beidseitig, teilstationär, grüner Sockel","[22753]"
9.64917,47.34986,"Rtg. Zentrum, teilstationär, versteckt","[23102]"
9.63975,47.33736,"Rtg. Norden, teilstationär, versteckt","[23103]"
9.64519,47.26317,"teilstationär, Rtg. Süden","[23125]"
9.82697,47.15561,"SO, teilstationär","[23129]"
11.48369,47.27467,"teilstationär, drehbar","[26033]"
13.04014,47.79228,"Rtg. Westen","[24740]"
16.27306,48.10117,"teilstationär, beidseitig, grüner Sockel","[24778]"
9.64600,47.34172,"teilstationär","[25746]"
13.65344,47.99853,"Rtg. Schalchham","[26002]"
11.63525,47.30894,"Rtg. Terfens, teilstationär","[26780]"
9.63672,47.27272,"drehbar, teilstationär","[44135]"
9.60603,47.31478,"teilstationär, Rtg. Osten","[27539]"
9.62844,47.27631,"teilstationär, S","[29552]"
16.63339,48.26811,"hinter einem Gartenzaun, Rtg. Wien","[51697]"
11.49833,47.28069,"teilstationär, beidseitig","[50724]"
16.32686,48.08408,"OA in Rtg. Biedermannsdorf","[50273]"
9.74753,47.40353,"Rtg. West, teilstationär","[49945]"
13.04878,47.82086,"teilstationär, drehbar","[51017]"
12.17039,47.58739,"drehbar","[51296]"
16.13156,48.08597,"beidseitig, inaktiv","[53007]"
9.63958,47.33675,"Rtg. Norden, teilstationär, versteckt","[52997]"
9.64753,47.28011,"teilstationär, beidseitig","[53407]"
9.73556,47.42444,"drehbar, teilstationär","[64107]"
9.66608,47.35608,"beidseitig","[70612]"
9.67347,47.36458,"beidseitig","[81251]"
9.69328,47.36036,"beidseitig","[81259]"
9.66244,47.43872,"beidseitig","[81278]"
11.58772,47.32117,"[81456-]","[81456-]"
11.49408,47.27414,"teilstationär, drehbar","[84280]"
11.52053,47.28189,"teilstationär, beidseitig","[84281]"
11.51122,47.28664,"teilstationär, beidseitig","[84282]"
11.52206,47.28444,"teilstationär, beidseitig","[84283]"
11.51069,47.28492,"FR Kaiser-Max-Straße, teilstationär","[85684]"
15.12033,53.53636,"[29298-]","[29298-]"
19.19889,53.08639,"Rtg. Golub-Dobrzyn","[26032-]"
19.96236,53.87644,"Rtg. S","[14746]"
22.03425,50.59761,"bs","[13591]"
21.36900,54.06917,"Rtg. NO","[8670]"
18.92733,50.49550,"bs","[8656]"
22.05625,50.60883,"bs","[8655]"
18.44281,50.87903,"Rtg. W, FGÜ","[8637]"
18.65306,54.25639,"Rtg. NW, Fußgängerüberweg","[8624]"
20.79867,54.26483,"bs, Attrappe (?)","[22361-]"
16.28517,51.24422,"Rtg. NO","[8602-]"
19.39747,54.18708,"Rtg. W","[8582]"
15.17828,51.21414,"[49845-]","[49845-]"
22.27053,52.17817,"Rtg. N","[8533]"
19.41289,54.17831,"FGÜ, bs (?)","[8520]"
18.63292,53.01603,"Rtg. SW","[8489]"
15.54692,52.33808,"Rtg. SW, FGÜ","[8482]"
17.28233,52.48144,"Rtg. W","[8468]"
14.49975,53.42878,"Rtg. O","[8467]"
23.17253,53.12403,"Rtg. N","[8446]"
21.07333,51.05936,"bs","[14968]"
14.51383,53.42072,"Rtg. W","[14975]"
18.57808,53.01194,"Rtg. W","[14982]"
23.15958,50.98664,"Rtg. NW","[15003]"
19.40172,54.17031,"Rtg. N, FGÜ","[15119]"
21.05733,49.99506,"Rtg. NW, FGÜ","[15126]"
22.06653,50.57408,"bs","[15134]"
22.06492,50.57725,"bs","[15135]"
22.04953,50.56625,"bs","[15136]"
16.87264,52.27686,"Rtg. NO, FGÜ","[15147]"
16.29558,53.33089,"in Rtg. Walcz","[17341]"
22.18203,51.39136,"NW","[18183]"
22.04203,51.40994,"O","[18206]"
18.71511,51.59197,"N","[18208]"
18.65878,54.26267,"W","[18210]"
15.81331,51.73206,"O","[18212]"
16.87211,52.26125,"S","[18215]"
15.78292,52.30142,"NW","[18217]"
17.28842,52.22633,"SW","[18218]"
18.63372,54.25944,"Rtg. Gdansk","[18220]"
16.63903,50.43964,"O","[18223]"
16.85147,52.27036,"NO","[18226]"
16.68861,50.46547,"SW","[18228]"
18.38372,54.56131,"N","[18253]"
15.92453,52.09592,"SW","[18255]"
15.77136,52.14128,"NO","[18256]"
15.70761,51.80789,"N","[18276]"
20.37089,51.16153,"NO","[18302]"
15.58539,52.83781,"bs","[18303]"
16.51858,52.35897,"W","[18312]"
22.27136,50.90428,"SO","[18322]"
17.95028,52.86442,"N","[18323]"
18.04372,52.82486,"NW, Attrappe (?)","[18324]"
16.48475,51.82486,"W","[18343]"
18.74347,51.57989,"S","[18359]"
22.58150,51.25592,"[29356-]","[29356-]"
15.62428,52.50978,"in Rtg. Miedzyrzecz","[19627]"
16.91228,52.31589,"S","[19621]"
21.57469,51.24750,"[19620-]","[19620-]"
22.97872,53.93375,"S","[19638]"
18.06678,54.77769,"N, Attrappe (?)","[19636]"
18.39322,54.57811,"W","[19648]"
23.48922,53.40283,"SW","[19653]"
15.69206,52.37231,"NW","[19666]"
21.49567,50.43553,"SW","[19676]"
21.60878,51.42347,"S","[19677]"
21.20833,50.79836,"W","[19699]"
16.70997,52.07561,"[19700]","[19700]"
20.28031,50.65303,"SO","[19702]"
18.61056,54.23028,"S, Mautstation","[21312-]"
18.61306,54.22389,"N, Mautstation","[21311-]"
22.29619,52.57767,"[19727-]","[19727-]"
20.02147,52.34061,"SO","[21364]"
21.23561,51.49625,"SW, evtl. Attrappe (?)","[21367]"
20.19914,52.23597,"[21375]","[21375]"
18.64172,50.20819,"NO","[21376]"
20.40864,51.19611,"S","[21378]"
22.21194,50.92022,"NO","[21383]"
15.09839,52.04172,"N","[21385]"
16.51278,52.95181,"bs","[21390]"
21.41425,50.29061,"S, Attrappe (?)","[21398-]"
15.70050,51.80006,"W","[21412]"
19.14914,50.34456,"NW, Attrappe","[21416]"
20.01194,51.80850,"O","[21421]"
14.64439,52.47836,"NO","[21472]"
20.44078,51.18164,"W","[21481]"
18.66736,54.26206,"O","[21483]"
20.90781,51.46525,"O","[21486]"
18.63469,50.40356,"S","[21491]"
21.16444,51.38706,"S, evtl. Attrappe (?)","[21492]"
18.99253,51.32811,"SW","[21496]"
19.82219,49.96878,"N","[21500]"
19.83861,49.97408,"W","[21502]"
18.19781,54.78581,"Attrappe (?)","[21503]"
16.65036,52.46050,"SW","[21516-]"
21.15042,51.35011,"O","[21519]"
22.29414,52.07447,"[21538-]","[21538-]"
21.38642,50.28039,"NO","[21541]"
18.81417,50.28089,"O","[21546]"
18.83667,50.29861,"W","[21547]"
18.61694,50.24806,"SW","[21560]"
20.10353,52.24269,"NO","[23045]"
20.13472,51.54119,"O","[22221]"
19.39572,51.55514,"N","[22376-]"
18.66822,53.48572,"db","[22382]"
20.22319,51.52694,"S","[22386]"
19.50839,51.08883,"[22390-]","[22390-]"
21.45642,50.65550,"N","[22394]"
19.35394,51.74844,"O","[22397]"
18.62978,49.85222,"S","[22398]"
14.90072,53.07325,"S","[22411]"
17.97417,54.69750,"W, Attrappe (?)","[22413]"
21.94669,53.81244,"S, Attrappe (?)","[22426]"
17.93867,52.86558,"O","[23367]"
17.54656,50.31989,"[22437-]","[22437-]"
21.09178,51.37839,"O","[22441]"
18.32117,50.37839,"NW","[22455]"
19.97000,51.85508,"SW","[22456]"
15.66550,52.85614,"W","[22459]"
16.52053,52.01575,"SO","[22465]"
22.39972,50.71550,"SO","[22481]"
14.56336,52.35825,"S, drehbar (?)","[23078]"
18.99039,50.29883,"W, aus Rtg. Katowice, Attrappe (?)","[23139]"
15.07011,54.09058,"N","[23233]"
18.81533,50.15478,"W","[23415-]"
17.68639,52.46961,"SO","[23419]"
23.75944,50.94556,"[23782-]","[23782-]"
18.62708,54.25878,"drehbar","[23437]"
16.47533,52.39556,"N","[23442]"
20.71667,49.56889,"[23781-]","[23781-]"
17.96608,54.78058,"NO, Attrappe (?)","[23448]"
16.57372,53.34803,"bs","[23459]"
20.37489,52.16150,"W","[23461]"
20.84567,52.24111,"N","[23980]"
18.09194,54.78558,"W, Attrappe (?)","[23475]"
19.19214,50.32286,"NW","[23477-]"
15.90111,51.92750,"NO","[23494]"
16.82553,52.19867,"NO, Attrappe (?)","[23497]"
20.98611,49.98222,"S","[23793]"
16.17222,52.89639,"bs","[23794]"
22.54964,51.22494,"[29361-]","[29361-]"
23.13206,53.10561,"[29286-]","[29286-]"
15.75217,52.41492,"in Rtg. Miedzyrzecz, direkt in scharfer Linkskurve","[25927]"
17.82111,53.07211,"Rtg. SW","[26047]"
16.13278,52.26750,"[26092-]","[26092-]"
15.90289,51.54589,"[26100-]","[26100-]"
21.88819,49.70558,"[26153-]","[26153-]"
21.88972,49.70694,"[26154-]","[26154-]"
22.67108,53.87342,"[26167-]","[26167-]"
19.26461,53.60256,"[26177-]","[26177-]"
16.17678,51.14028,"[26187-]","[26187-]"
16.23789,51.86983,"[26210-]","[26210-]"
21.81056,49.64642,"[26228-]","[26228-]"
16.83456,53.89822,"[29285-]","[29285-]"
18.02839,50.46089,"[26259-]","[26259-]"
16.18811,51.02953,"[26280-]","[26280-]"
21.94194,49.76953,"[26290-]","[26290-]"
19.19139,53.08667,"Rtg. Rypin","[26309]"
19.42136,51.07825,"[26311-]","[26311-]"
15.18067,51.21433,"[26342-]","[26342-]"
15.18306,51.21528,"[26343-]","[26343-]"
14.53361,53.45544,"drehbar","[26350]"
16.68375,52.46883,"[26358-]","[26358-]"
18.23058,54.60006,"[26373-]","[26373-]"
18.23258,54.59608,"[26374-]","[26374-]"
15.35414,52.75622,"[27124-]","[27124-]"
15.53550,52.72383,"[27129-]","[27129-]"
18.60731,53.00833,"[27137-]","[27137-]"
18.64353,53.02039,"[27138-]","[27138-]"
22.59367,51.25397,"[29358-]","[29358-]"
17.72478,51.71558,"[29326-]","[29326-]"
15.54342,52.33081,"[29303-]","[29303-]"
18.68164,53.39072,"[32225-]","[32225-]"
16.78675,52.42289,"[29247-]","[29247-]"
18.76378,54.08939,"[32244-]","[32244-]"
14.43622,53.33553,"[32251-]","[32251-]"
18.29997,54.02578,"[32268-]","[32268-]"
20.67611,52.44122,"[49858-]","[49858-]"
20.47444,53.74964,"[49857-]","[49857-]"
18.65856,54.25572,"[49856-]","[49856-]"
23.75858,50.94400,"[49855-]","[49855-]"
19.96956,51.85375,"[49853-]","[49853-]"
16.63311,52.48219,"[49852-]","[49852-]"
15.79061,52.71733,"[49851-]","[49851-]"
16.86025,52.26431,"[49850-]","[49850-]"
16.13478,52.26606,"[49849-]","[49849-]"
15.87900,51.89711,"[49848-]","[49848-]"
16.10572,51.78931,"[49847-]","[49847-]"
15.56764,51.21453,"[49846-]","[49846-]"
18.63006,54.26211,"Rtg. Friedhof","[50260-]"
21.17003,52.26586,"[38066-]","[38066-]"
17.00811,51.87928,"[38056]","[38056]"
18.45575,50.27358,"[38165-]","[38165-]"
16.85561,52.27958,"[38166-]","[38166-]"
15.25733,52.51639,"[38167-]","[38167-]"
19.55883,51.47783,"[38168-]","[38168-]"
18.67450,54.03564,"[38169-]","[38169-]"
20.42889,53.36636,"[38170-]","[38170-]"
21.02544,52.20983,"[64863-]","[64863-]"
15.74703,50.77450,"E","[83556-]"
15.75742,50.77556,"E","[83557-]"
14.93942,54.05719,"#101615 Pobierowo","[83570-]"
14.66347,52.45156,"[85462-]","[85462-]"
19.56192,51.89211,"[86079-]","[86079-]"
24.48194,45.02889,"S","[23002]"
24.29667,45.45111,"[23003-]","[23003-]"
24.37394,45.15658,"N","[23007]"
37.32758,55.82714,"[70417-]","[70417-]"
37.96436,55.75025,"[70397-]","[70397-]"
39.64214,47.17450,"[70387-]","[70387-]"
43.06067,44.05853,"[70381-]","[70381-]"
83.01742,55.12381,"[70339-]","[70339-]"
39.64367,47.17133,"[70335-]","[70335-]"
36.08858,51.66797,"[70297-]","[70297-]"
37.93950,55.63583,"[70279-]","[70279-]"
47.94150,52.06017,"[70267-]","[70267-]"
37.82192,55.63992,"[70261-]","[70261-]"
49.13778,56.92631,"[70254-]","[70254-]"
39.11283,45.02428,"[70250-]","[70250-]"
50.36819,53.25444,"[70237-]","[70237-]"
39.84000,47.24314,"[70223-]","[70223-]"
39.73239,47.19431,"[70213-]","[70213-]"
39.73017,47.19828,"[70212-]","[70212-]"
66.60942,66.52775,"[70140-]","[70140-]"
40.11481,45.85897,"[70135-]","[70135-]"
56.22425,58.02869,"[70125-]","[70125-]"
72.52458,65.53081,"[70112-]","[70112-]"
72.53806,65.52983,"[70111-]","[70111-]"
76.52319,60.97342,"[70105-]","[70105-]"
40.71161,45.96256,"[70081-]","[70081-]"
40.54094,45.43108,"[70074-]","[70074-]"
40.55378,45.43203,"[70073-]","[70073-]"
40.57025,45.43419,"[70072-]","[70072-]"
40.21856,45.36078,"[70070-]","[70070-]"
37.77828,55.41819,"[70055-]","[70055-]"
47.45842,56.11317,"[70031-]","[70031-]"
43.45233,44.13339,"[70026-]","[70026-]"
142.75533,46.87125,"[70017-]","[70017-]"
142.75328,46.87553,"[70016-]","[70016-]"
33.42108,69.07194,"[70011-]","[70011-]"
75.42500,63.19972,"[70001-]","[70001-]"
39.01847,45.02131,"[69958-]","[69958-]"
76.59614,60.92408,"[69949-]","[69949-]"
88.04128,53.69914,"[69940-]","[69940-]"
58.29572,58.37292,"[69935-]","[69935-]"
58.30372,58.37139,"[69934-]","[69934-]"
34.39297,61.77475,"[69928-]","[69928-]"
40.17192,45.36606,"[69921-]","[69921-]"
38.05936,44.58419,"[69915-]","[69915-]"
38.05561,44.58661,"[69914-]","[69914-]"
39.44839,45.46269,"[69903-]","[69903-]"
39.43281,45.46500,"[69898-]","[69898-]"
36.03103,56.80267,"[69883-]","[69883-]"
65.39144,55.38097,"[69860-]","[69860-]"
65.39303,55.38481,"[69859-]","[69859-]"
38.03450,44.60606,"[69858-]","[69858-]"
38.03186,44.60881,"[69857-]","[69857-]"
74.49147,65.85258,"[69846-]","[69846-]"
39.06536,44.11578,"[69835-]","[69835-]"
39.45547,45.46053,"[69834-]","[69834-]"
40.13606,45.86211,"[69829-]","[69829-]"
40.11961,45.86722,"[69828-]","[69828-]"
39.44989,45.46986,"[69826-]","[69826-]"
37.46403,45.25511,"[69793-]","[69793-]"
46.07003,51.57139,"[69771-]","[69771-]"
38.15061,45.26681,"[69759-]","[69759-]"
38.12078,45.27294,"[69757-]","[69757-]"
37.41531,55.90019,"[69747-]","[69747-]"
50.74850,61.78056,"[69733-]","[69733-]"
47.28228,56.05692,"[69732-]","[69732-]"
38.10728,45.26206,"[69723-]","[69723-]"
92.74003,55.96811,"[69718-]","[69718-]"
58.54908,51.21211,"[69717-]","[69717-]"
46.00317,51.56425,"[69716-]","[69716-]"
58.54983,51.20922,"[69714-]","[69714-]"
84.92331,56.44778,"[69694-]","[69694-]"
48.57872,51.95056,"[69691-]","[69691-]"
33.19831,69.04319,"[69679-]","[69679-]"
114.12881,62.45511,"[69663-]","[69663-]"
114.13844,62.45364,"[69662-]","[69662-]"
83.82425,53.36981,"[69649-]","[69649-]"
88.07275,53.69136,"[69639-]","[69639-]"
40.20325,45.35922,"[69631-]","[69631-]"
40.18197,45.35922,"[69630-]","[69630-]"
39.62192,52.61856,"[69628-]","[69628-]"
36.15189,51.70858,"[69623-]","[69623-]"
40.14006,45.85642,"[69604-]","[69604-]"
55.12961,56.72819,"[69592-]","[69592-]"
46.04786,51.53111,"[69580-]","[69580-]"
45.05556,53.38708,"[69557-]","[69557-]"
36.14117,51.74344,"[69551-]","[69551-]"
39.01869,45.02150,"[69540-]","[69540-]"
45.95497,51.59214,"[69514-]","[69514-]"
42.72147,43.92069,"[69512-]","[69512-]"
53.18539,56.83106,"[69511-]","[69511-]"
36.22531,51.73519,"[69461-]","[69461-]"
56.83922,59.41483,"[69423-]","[69423-]"
38.12089,56.27064,"[69371-]","[69371-]"
56.00597,54.72686,"[69358-]","[69358-]"
38.05978,44.89478,"[69344-]","[69344-]"
39.69794,43.64067,"[69313-]","[69313-]"
39.70183,43.63944,"[69312-]","[69312-]"
56.82467,59.41164,"[69297-]","[69297-]"
39.80589,64.54956,"[69285-]","[69285-]"
55.10306,51.77497,"[69272-]","[69272-]"
86.01256,56.07778,"[69266-]","[69266-]"
33.06281,68.90567,"[69263-]","[69263-]"
47.17303,53.63003,"[69257-]","[69257-]"
83.74936,53.28131,"[69239-]","[69239-]"
41.07042,44.98292,"[69224-]","[69224-]"
39.18764,51.75492,"[69220-]","[69220-]"
41.11644,44.99756,"[69205-]","[69205-]"
41.11722,44.97928,"[69203-]","[69203-]"
34.26583,62.11406,"[69195-]","[69195-]"
41.14483,44.97825,"[69194-]","[69194-]"
41.91553,44.65706,"[69190-]","[69190-]"
37.66217,45.19847,"[69180-]","[69180-]"
41.04117,45.10881,"[69173-]","[69173-]"
86.01875,56.09361,"[69166-]","[69166-]"
30.69936,61.71853,"[69159-]","[69159-]"
39.45806,45.47756,"[69158-]","[69158-]"
86.02369,56.11119,"[69140-]","[69140-]"
53.02775,67.63647,"[69132-]","[69132-]"
53.04808,67.65078,"[69131-]","[69131-]"
53.05150,67.65411,"[69130-]","[69130-]"
41.13056,44.93306,"[69129-]","[69129-]"
37.37786,45.27956,"[69124-]","[69124-]"
41.35961,44.84903,"[69123-]","[69123-]"
38.30200,44.83731,"[69118-]","[69118-]"
87.75528,56.20658,"[69095-]","[69095-]"
38.97169,46.12661,"[69090-]","[69090-]"
38.91714,45.03239,"[69089-]","[69089-]"
40.17842,45.36208,"[69076-]","[69076-]"
38.91167,45.03042,"[69071-]","[69071-]"
55.92628,53.59969,"[69059-]","[69059-]"
38.91144,45.03814,"[69051-]","[69051-]"
34.57567,64.95372,"[69050-]","[69050-]"
39.08917,45.03189,"[69048-]","[69048-]"
39.08903,45.03178,"[69047-]","[69047-]"
39.00936,45.05547,"[69040-]","[69040-]"
66.38478,66.65786,"[69027-]","[69027-]"
40.08050,43.62786,"[69020-]","[69020-]"
39.03206,45.02658,"[69017-]","[69017-]"
31.18617,58.52317,"[69007-]","[69007-]"
39.69119,45.20947,"[69006-]","[69006-]"
40.70136,45.94658,"[69003-]","[69003-]"
83.40428,55.03917,"[68994-]","[68994-]"
38.07733,44.57042,"[68990-]","[68990-]"
39.01958,45.04578,"[68966-]","[68966-]"
38.95572,46.08767,"[68959-]","[68959-]"
38.96778,46.13492,"[68958-]","[68958-]"
33.81869,61.78289,"[68952-]","[68952-]"
39.10169,45.01875,"[68950-]","[68950-]"
38.98578,45.05594,"[68933-]","[68933-]"
39.01897,45.09869,"[68932-]","[68932-]"
38.98217,45.06083,"[68930-]","[68930-]"
39.00500,45.05517,"[68929-]","[68929-]"
81.86436,54.35753,"[68928-]","[68928-]"
38.97661,45.06203,"[68924-]","[68924-]"
49.59050,58.59694,"[68922-]","[68922-]"
38.97325,45.05911,"[68913-]","[68913-]"
39.10386,45.03756,"[68903-]","[68903-]"
39.08600,45.01439,"[68902-]","[68902-]"
39.07233,45.00900,"[68892-]","[68892-]"
39.09025,45.01531,"[68885-]","[68885-]"
55.96069,53.59767,"[68883-]","[68883-]"
38.94489,45.04508,"[68880-]","[68880-]"
83.68331,53.38056,"[68874-]","[68874-]"
75.19450,61.25567,"[68869-]","[68869-]"
33.42417,69.07036,"[68866-]","[68866-]"
36.21539,51.72300,"[68830-]","[68830-]"
36.93572,55.73508,"[84335-]","[84335-]"
38.43250,55.78089,"[84364-]","[84364-]"
37.70569,55.63578,"[84370-]","[84370-]"
37.71844,55.63550,"[84382-]","[84382-]"
37.74239,55.63664,"[84399-]","[84399-]"
37.72239,55.63533,"[84404-]","[84404-]"
37.72714,55.63531,"[84405-]","[84405-]"
46.26433,51.56556,"[84410-]","[84410-]"
49.40336,55.61606,"[84973-]","[84973-]"
49.39392,55.62103,"[84975-]","[84975-]"
21.17656,45.21431,"Rtg. Plandiste -> Vrsac, mobil (?)","[26036-]"
20.86611,45.03308,"Rtg. Alibunar, mobil (?)","[26037-]"
14.49358,46.09731,"[81362-]","[81362-]"
2.44600,41.68953,"[64660-]","[64660-]"
-0.50736,38.37372,"[64659-]","[64659-]"
-0.38136,39.46897,"Rtg. NW","[5750]"
-8.77494,42.20944,"N","[16492]"
-2.43344,42.46900,"O","[16497]"
-2.43722,42.45872,"W","[16498-]"
-2.43250,42.45894,"O","[16499-]"
-2.43806,42.45861,"O","[16500-]"
-2.45472,42.46847,"[16502-]","[16502-]"
-2.45139,42.44306,"[16503-]","[16503-]"
-4.10739,38.70161,"beidseitig","[27440-]"
-2.45256,42.45883,"W","[19493]"
-2.45158,42.44306,"[19494-]","[19494-]"
-0.39358,42.13997,"Rtg. Centro","[22783-]"
-0.39719,42.14739,"O","[22784-]"
-0.38833,42.14492,"[22785-]","[22785-]"
2.44369,41.68922,"[26544-]","[26544-]"
2.44231,41.69397,"[26545-]","[26545-]"
2.43994,41.69567,"[26546-]","[26546-]"
-1.97347,43.29175,"[43464-]","[43464-]"
-4.75353,41.61636,"[51254-]","[51254-]"
-4.78206,41.62297,"[51255-]","[51255-]"
-4.79100,41.62000,"[51256-]","[51256-]"
-0.42528,38.36203,"Dirección a la playa","[63449-]"
2.02861,41.31592,"[63795-]","[63795-]"
2.02431,41.31092,"[63796-]","[63796-]"
-15.51000,28.11650,"[63797-]","[63797-]"
-2.35019,36.85208,"[86672-]","[86672-]"
14.42369,50.04394,"bs","[5633]"
15.24750,50.51975,"50km/h (?), NW","[24492]"
14.10081,50.13886,"drehbar, 20-7 Uhr 50km/h","[17977]"
15.80547,49.05528,"N","[23023]"
20.28639,63.81967,"NW","[8688]"
20.28639,63.81958,"SO","[16010]"
6.01364,46.18833,"beidseitig","[25773]"
6.20319,46.25253,"[7066]","[7066]"
6.23278,46.24603,"[7196]","[7196]"
7.48939,46.94903,"Höhe Schule, stadteinwärts","[7231]"
7.48800,46.95933,"Höhe Lilienweg, stadteinwärts","[7232]"
7.49528,46.96028,"stadteinwärts","[7233]"
6.20436,46.22119,"drehbar","[10620]"
6.18561,46.16778,"Höhe Chemin de L'Arvaz, drehbar","[14933]"
6.17239,46.17233,"drehbar","[15606]"
7.43264,46.92558,"Höhe Schule, beidseitig","[15731]"
7.38297,46.89917,"Höhe Schule, beidseitig","[15732]"
7.43994,46.92989,"beidseitig, Laser","[15734]"
6.12467,46.27253,"aus Rtg. Frankreich","[2126]"
6.18208,46.21667,"beidseitig","[17077]"
7.47989,46.95972,"Rtg. Bahnhof","[53472]"
7.02439,46.29078,"[64405-]","[64405-]"
-1.75861,52.62564,"[17594]","[17594]"